source_service,target_service,interaction_count,out_degree_total,prob_transition
Lambda,DynamoDB,346,2075,0.1667
DynamoDB,Lambda,242,496,0.4879
ApiGateway,Lambda,240,537,0.4469
Lambda,S3,219,2075,0.1055
EC2,S3,195,1266,0.154
S3,Lambda,192,1551,0.1238
SQS,Lambda,159,380,0.4184
S3,EC2,136,1551,0.0877
S3,Athena,126,1551,0.0812
EMR,S3,113,208,0.5433
Lambda,ThirdParty,110,2075,0.053
S3,Glue,105,1551,0.0677
Lambda,ApiGateway,105,2075,0.0506
Glue,S3,100,229,0.4367
ThirdParty,S3,98,862,0.1137
Kinesis,Lambda,98,248,0.3952
ELB,EC2,97,226,0.4292
Firehose,S3,95,148,0.6419
Athena,S3,92,207,0.4444
Lambda,SQS,92,2075,0.0443
StepFunctions,Lambda,91,294,0.3095
Lambda,OpenSearch,90,2075,0.0434
Lambda,RDS,89,2075,0.0429
S3,EMR,89,1551,0.0574
CloudFront,S3,88,291,0.3024
S3,SageMaker,85,1551,0.0548
EC2,ThirdParty,84,1266,0.0664
CloudWatch,Lambda,82,202,0.4059
ThirdParty,Lambda,82,862,0.0951
EC2,RDS,81,1266,0.064
EC2,SQS,80,1266,0.0632
UserConsumerWeb,ApiGateway,79,388,0.2036
ThirdParty,EC2,74,862,0.0858
Lambda,StepFunctions,74,2075,0.0357
SNS,SQS,72,215,0.3349
SNS,Lambda,71,215,0.3302
S3,CloudFront,70,1551,0.0451
Lambda,SNS,70,2075,0.0337
RDS,EC2,67,263,0.2548
SQS,EC2,67,380,0.1763
SageMaker,Lambda,67,251,0.2669
S3,ThirdParty,65,1551,0.0419
Lambda,SageMaker,64,2075,0.0308
Lambda,Kinesis,62,2075,0.0299
SageMaker,S3,62,251,0.247
Lambda,EC2,60,2075,0.0289
DynamoDB,EC2,56,496,0.1129
EC2,Aurora,56,1266,0.0442
EC2,DynamoDB,56,1266,0.0442
ALB,ECS,55,204,0.2696
EKS,EC2,55,495,0.1111
S3,SQS,54,1551,0.0348
ECS,ThirdParty,53,363,0.146
EKS,ThirdParty,51,495,0.103
S3,StepFunctions,51,1551,0.0329
UserConsumerWeb,CloudFront,50,388,0.1289
EKS,RDS,50,495,0.101
RDS,Lambda,50,263,0.1901
UserConsumerMobile,ApiGateway,50,307,0.1629
ApiGateway,UserConsumerWeb,47,537,0.0875
Kinesis,S3,43,248,0.1734
ALB,EKS,43,204,0.2108
ALB,EC2,43,204,0.2108
UserConsumerMobile,ALB,42,307,0.1368
EC2,ELB,41,1266,0.0324
ThirdParty,ApiGateway,40,862,0.0464
EC2,Lambda,39,1266,0.0308
ThirdParty,EKS,39,862,0.0452
RDS,EKS,39,263,0.1483
ThirdParty,ECS,38,862,0.0441
ELB,EKS,37,226,0.1637
S3,RedShift,37,1551,0.0239
S3,SNS,37,1551,0.0239
RedShift,S3,36,148,0.2432
Fargate,S3,36,184,0.1957
DMS,S3,36,67,0.5373
UserCompanyDataStream,Lambda,35,189,0.1852
SQS,S3,35,380,0.0921
S3,EKS,35,1551,0.0226
ApiGateway,ECS,34,537,0.0633
EC2,EKS,34,1266,0.0269
ECS,DynamoDB,34,363,0.0937
CloudFront,LambdaAtEdge,34,291,0.1168
S3,ECS,33,1551,0.0213
UserCompanyDeveloper,ThirdParty,33,182,0.1813
Lambda,ECS,32,2075,0.0154
EKS,Aurora,32,495,0.0646
AppSync,Lambda,31,73,0.4247
S3,Firehose,31,1551,0.02
Lambda,CloudWatch,31,2075,0.0149
ThirdParty,EMR,31,862,0.036
Lambda,Firehose,30,2075,0.0145
EKS,ElastiCache,30,495,0.0606
ElastiCache,EKS,30,107,0.2804
UserCompanyAgent,ThirdParty,30,79,0.3797
CloudFormation,Lambda,30,130,0.2308
SQS,ECS,30,380,0.0789
EventBridge,StepFunctions,30,82,0.3659
UserCompanyDeveloper,EC2,29,182,0.1593
UserConsumerAPI,ApiGateway,29,141,0.2057
EKS,S3,29,495,0.0586
CloudFront,UserConsumerWeb,29,291,0.0997
UserConsumerWeb,EC2,29,388,0.0747
ECS,S3,28,363,0.0771
UserConsumerWeb,S3,28,388,0.0722
Lambda,Aurora,28,2075,0.0135
UserConsumerMobile,CloudFront,28,307,0.0912
EC2,ElastiCache,28,1266,0.0221
IoTCore,Lambda,28,81,0.3457
Lambda,UserConsumerMobile,27,2075,0.013
DynamoDB,ECS,27,496,0.0544
Route53,ALB,27,103,0.2621
S3,UserCompanyAnalyst,27,1551,0.0174
StepFunctions,S3,27,294,0.0918
ApiGateway,UserConsumerMobile,26,537,0.0484
EventBridge,Lambda,26,82,0.3171
EKS,DynamoDB,26,495,0.0525
Aurora,Lambda,26,145,0.1793
UserConsumerAPI,S3,25,141,0.1773
Transcribe,Comprehend,25,61,0.4098
RedShift,QuickSight,25,148,0.1689
SNS,ThirdParty,25,215,0.1163
LambdaAtEdge,CloudFront,24,55,0.4364
UserCompanyDataStream,S3,23,189,0.1217
ECS,Aurora,23,363,0.0634
SQS,EKS,23,380,0.0605
WAF,CloudFront,23,58,0.3966
ECS,Lambda,23,363,0.0634
Aurora,EKS,23,145,0.1586
UserConsumerWeb,Route53,22,388,0.0567
ThirdParty,UserCompanyDeveloper,22,862,0.0255
ECS,ElastiCache,22,363,0.0606
EKS,ELB,21,495,0.0424
Fargate,ElastiCache,21,184,0.1141
EC2,EFS,21,1266,0.0166
SQS,Fargate,21,380,0.0553
StepFunctions,DynamoDB,21,294,0.0714
ECR,EKS,21,66,0.3182
CloudFront,UserConsumerMobile,21,291,0.0722
Lambda,UserConsumerWeb,21,2075,0.0101
Athena,ThirdParty,21,207,0.1014
ElastiCache,Fargate,21,107,0.1963
UserCompanyDeveloper,ApiGateway,21,182,0.1154
ALB,UserConsumerMobile,20,204,0.098
Lambda,RedShift,20,2075,0.0096
UserConsumerMobile,Route53,20,307,0.0651
CloudFront,WAF,20,291,0.0687
S3,UserConsumerAPI,20,1551,0.0129
Glue,Athena,20,229,0.0873
UserConsumerMobile,Connect,20,307,0.0651
Lambda,AppSync,20,2075,0.0096
ThirdParty,OpenSearch,20,862,0.0232
Glue,SageMaker,20,229,0.0873
Connect,Lambda,20,85,0.2353
Lambda,ELB,20,2075,0.0096
EC2,EBS,20,1266,0.0158
S3,Fargate,20,1551,0.0129
ECS,RDS,20,363,0.0551
Lambda,Connect,20,2075,0.0096
EKS,UserConsumerWeb,20,495,0.0404
ElastiCache,EC2,19,107,0.1776
ThirdParty,UserConsumerMobile,19,862,0.022
Aurora,EC2,19,145,0.131
Lambda,ElastiCache,19,2075,0.0092
Lambda,Athena,18,2075,0.0087
UserConsumerWeb,ThirdParty,18,388,0.0464
UserConsumerWeb,ECS,18,388,0.0464
Lambda,CloudFront,18,2075,0.0087
ApiGateway,UserConsumerAPI,18,537,0.0335
DynamoDB,EKS,18,496,0.0363
UserConsumerMobile,EKS,17,307,0.0554
Fargate,RDS,17,184,0.0924
Kinesis,Firehose,17,248,0.0685
UserCompanyAnalyst,S3,17,116,0.1466
EC2,UserCompanyDeveloper,17,1266,0.0134
OpenSearch,Lambda,17,74,0.2297
Lambda,Comprehend,17,2075,0.0082
RDS,Fargate,17,263,0.0646
ECS,EC2,17,363,0.0468
NLB,EKS,17,42,0.4048
SQS,ThirdParty,17,380,0.0447
ECS,ApiGateway,17,363,0.0468
Kinesis,EC2,16,248,0.0645
UserConsumerEdge,Kinesis,16,94,0.1702
MSK,S3,16,68,0.2353
ApiGateway,SQS,16,537,0.0298
UserCompanyAnalyst,SageMaker,16,116,0.1379
ApiGateway,StepFunctions,16,537,0.0298
CloudWatch,EC2,16,202,0.0792
CloudWatch,StepFunctions,16,202,0.0792
ApiGateway,S3,16,537,0.0298
S3,ApiGateway,16,1551,0.0103
EMR,RedShift,16,208,0.0769
ApiGateway,UserCompanyDeveloper,16,537,0.0298
UserConsumerMobile,ELB,16,307,0.0521
Lambda,Neptune,15,2075,0.0072
S3,QuickSight,15,1551,0.0097
EKS,MSK,15,495,0.0303
UserCompanyDeveloper,S3,15,182,0.0824
RDS,Glue,15,263,0.057
UserConsumerEdge,ApiGateway,15,94,0.1596
Glue,EC2,15,229,0.0655
Lambda,SystemsManager,15,2075,0.0072
S3,Kinesis,15,1551,0.0097
ThirdParty,SNS,15,862,0.0174
ServiceCatalog,CloudFormation,15,42,0.3571
UserConsumerMobile,Lambda,15,307,0.0489
RedShift,EC2,15,148,0.1014
StepFunctions,Rekognition,15,294,0.051
RedShift,EKS,15,148,0.1014
UserConsumerAPI,ELB,15,141,0.1064
Transcribe,S3,15,61,0.2459
EFS,Lambda,15,23,0.6522
Route53,UserConsumerMobile,15,103,0.1456
EC2,VPC,15,1266,0.0118
EC2,Glue,15,1266,0.0118
QuickSight,RedShift,15,42,0.3571
EC2,Kinesis,15,1266,0.0118
Lambda,EFS,15,2075,0.0072
Comprehend,Lambda,15,53,0.283
UserConsumerWeb,ALB,15,388,0.0387
RedShift,UserCompanyAnalyst,15,148,0.1014
Athena,Lambda,15,207,0.0725
UserConsumerWeb,EKS,15,388,0.0387
UserConsumerWebMobile,ApiGateway,15,57,0.2632
ECS,ALB,15,363,0.0413
MSK,EKS,15,68,0.2206
NLB,EC2,15,42,0.3571
SageMaker,Glue,15,251,0.0598
DynamoDB,S3,15,496,0.0302
UserConsumerEdge,IoTCore,15,94,0.1596
EC2,ALB,15,1266,0.0118
S3,Transcribe,15,1551,0.0097
S3,CloudWatch,15,1551,0.0097
EC2,CloudWatch,15,1266,0.0118
StepFunctions,SNS,15,294,0.051
EKS,RedShift,15,495,0.0303
EKS,CloudWatch,15,495,0.0303
ThirdParty,RedShift,15,862,0.0174
EC2,DirectConnect,14,1266,0.0111
ApiGateway,DynamoDB,13,537,0.0242
Lambda,Rekognition,13,2075,0.0063
LambdaAtEdge,DynamoDB,13,55,0.2364
Aurora,ECS,13,145,0.0897
DynamoDB,ApiGateway,13,496,0.0262
ThirdParty,RDS,13,862,0.0151
DynamoDB,LambdaAtEdge,13,496,0.0262
UserConsumerMobile,Cognito,12,307,0.0391
Fargate,EC2,12,184,0.0652
UserConsumerMobile,Kinesis,12,307,0.0391
S3,UserConsumerWeb,12,1551,0.0077
ApiGateway,UserCompanyAnalyst,12,537,0.0223
ElastiCache,Lambda,12,107,0.1121
Rekognition,Lambda,12,39,0.3077
EC2,ApiGateway,12,1266,0.0095
EC2,UserConsumerWeb,12,1266,0.0095
UserConsumerAPI,ThirdParty,12,141,0.0851
Comprehend,S3,12,53,0.2264
UserCompanyAnalyst,ApiGateway,12,116,0.1034
ECS,UserConsumerWeb,12,363,0.0331
ThirdParty,DirectConnect,12,862,0.0139
CloudFront,Lambda,12,291,0.0412
EKS,SQS,12,495,0.0242
ElastiCache,ECS,12,107,0.1121
KMS,S3,11,41,0.2683
Athena,UserCompanyAnalyst,11,207,0.0531
UserCompanyAnalyst,CloudFront,11,116,0.0948
MediaConvert,S3,11,26,0.4231
StepFunctions,SageMaker,11,294,0.0374
Route53,CloudFront,11,103,0.1068
KinesisAnalytics,Lambda,11,27,0.4074
EC2,VPCPeering,11,1266,0.0087
S3,DMS,11,1551,0.0071
StepFunctions,MediaConvert,11,294,0.0374
Lambda,DocumentDB,11,2075,0.0053
Route53,ELB,11,103,0.1068
UserCompanyAnalyst,Athena,11,116,0.0948
S3,UserConsumerMobile,11,1551,0.0071
ThirdParty,DMS,11,862,0.0128
Glue,RedShift,11,229,0.048
EC2,FSX,11,1266,0.0087
UserConsumerEdge,S3,11,94,0.117
UserConsumerWeb,ELB,11,388,0.0284
ThirdParty,ECR,11,862,0.0128
EMR,ThirdParty,11,208,0.0529
UserCompanyDataStream,SQS,11,189,0.0582
ECR,EC2,11,66,0.1667
Lambda,Textract,11,2075,0.0053
Lambda,Fargate,11,2075,0.0053
CloudFront,ApiGateway,10,291,0.0344
ALB,UserConsumerWeb,10,204,0.049
CloudWatch,Glue,10,202,0.0495
ThirdParty,ELB,10,862,0.0116
EC2,IAM,10,1266,0.0079
UserConsumerWebMobile,CloudFront,10,57,0.1754
S3,Aurora,10,1551,0.0064
OpenSearch,ThirdParty,10,74,0.1351
EC2,Cognito,10,1266,0.0079
Lambda,UserCompanyInternalPlatform,10,2075,0.0048
CloudFormation,IAM,10,130,0.0769
Glue,LakeFormation,10,229,0.0437
GuardDuty,Lambda,10,36,0.2778
UserCompanyDeveloper,CodeCommit,10,182,0.0549
ELB,ECS,10,226,0.0442
IAM,EC2,10,39,0.2564
UserConsumerMobile,S3,10,307,0.0326
CloudWatch,SNS,10,202,0.0495
UserCompanyAgent,EC2,10,79,0.1266
Athena,UserConsumerMobile,10,207,0.0483
UserCompanyAnalyst,RedShift,10,116,0.0862
UserConsumerWeb,AppSync,10,388,0.0258
Lambda,PrivateLink,10,2075,0.0048
CloudFront,ELB,10,291,0.0344
UserConsumerWeb,Cognito,10,388,0.0258
StepFunctions,ApiGateway,10,294,0.034
EMR,StepFunctions,10,208,0.0481
ThirdParty,Kinesis,10,862,0.0116
Kinesis,DynamoDB,10,248,0.0403
CloudWatch,Fargate,10,202,0.0495
EC2,Firehose,10,1266,0.0079
RDS,RedShift,10,263,0.038
ThirdParty,UserCompanyAgent,10,862,0.0116
UserCompanyWebsite,ECS,10,10,1.0
CloudTrail,EventBridge,10,45,0.2222
ThirdParty,Fargate,10,862,0.0116
S3,UserConsumerEdge,10,1551,0.0064
S3,FSX,10,1551,0.0064
AWSConfig,SecurityHub,10,10,1.0
S3,MediaConvert,10,1551,0.0064
EC2,RedShift,10,1266,0.0079
StepFunctions,EC2,10,294,0.034
OnPremDC,ThirdParty,10,26,0.3846
TransferFamily,S3,10,10,1.0
Lex,Connect,10,38,0.2632
QuickSight,UserCompanyAnalyst,10,42,0.2381
UserConsumerWeb,Kinesis,10,388,0.0258
EC2,EMR,10,1266,0.0079
LakeFormation,Glue,10,25,0.4
ELB,Route53,10,226,0.0442
EKS,SNS,10,495,0.0202
UserCompanyDataStream,IoTCore,10,189,0.0529
ALB,ThirdParty,10,204,0.049
EC2,SNS,10,1266,0.0079
SNS,S3,10,215,0.0465
WAF,EC2,10,58,0.1724
EC2,WAF,10,1266,0.0079
StepFunctions,EventBridge,10,294,0.034
CloudWatch,S3,10,202,0.0495
EMR,Aurora,10,208,0.0481
Route53,UserConsumerWeb,10,103,0.0971
UserCompanyDeveloper,ECR,10,182,0.0549
Lambda,SecurityHub,10,2075,0.0048
CloudWatch,RDS,10,202,0.0495
UserConsumerMobile,DynamoDB,10,307,0.0326
S3,CodePipeline,10,1551,0.0064
Chime,SQS,10,17,0.5882
SNS,UserCompanyAgent,10,215,0.0465
Glue,ThirdParty,10,229,0.0437
AppSync,UserConsumerWeb,10,73,0.137
CodeCommit,CodeBuild,10,22,0.4545
Cognito,UserConsumerWeb,10,54,0.1852
ECS,UserCompanyWebsite,10,363,0.0275
UserCompanyDeveloper,ALB,10,182,0.0549
ELB,WAF,10,226,0.0442
ELB,UserConsumerWeb,10,226,0.0442
IAM,CloudTrail,10,39,0.2564
EC2,AppSync,10,1266,0.0079
Lambda,UserCompanyAPI,10,2075,0.0048
SecurityHub,EventBridge,10,26,0.3846
UserConsumerEdge,Route53,10,94,0.1064
UserCompanyDataStream,Glue,10,189,0.0529
IoTCore,DynamoDB,10,81,0.1235
EC2,SageMaker,10,1266,0.0079
CloudTrail,S3,10,45,0.2222
Connect,ThirdParty,10,85,0.1176
EBS,EC2,10,25,0.4
UserCompanyDataStream,MSK,10,189,0.0529
CloudFront,Cognito,10,291,0.0344
MediaPackage,CloudFront,10,17,0.5882
ThirdParty,VPN,10,862,0.0116
Lambda,CloudFormation,10,2075,0.0048
RedShift,RDS,10,148,0.0676
Aurora,OpenSearch,10,145,0.069
StepFunctions,EMR,10,294,0.034
Fargate,UserConsumerWeb,10,184,0.0543
ELB,UserConsumerAPI,10,226,0.0442
CloudFormation,ThirdParty,10,130,0.0769
DMS,Aurora,10,67,0.1493
UserCompanyDataStream,ELB,10,189,0.0529
Route53,UserConsumerEdge,10,103,0.0971
Lambda,GuardDuty,10,2075,0.0048
Glue,CloudWatch,10,229,0.0437
Athena,SageMaker,10,207,0.0483
Cognito,CloudFront,10,54,0.1852
UserConsumerEdge,EC2,10,94,0.1064
MSK,Lambda,10,68,0.1471
UserCompanyDataStream,EC2,10,189,0.0529
SageMaker,RedShift,10,251,0.0398
ApiGateway,UserConsumerWebMobile,10,537,0.0186
Transcribe,DynamoDB,10,61,0.1639
DynamoDB,SNS,10,496,0.0202
UserCompanyDataStream,Firehose,10,189,0.0529
Lambda,Organizations,10,2075,0.0048
UserConsumerWeb,Fargate,10,388,0.0258
ThirdParty,IoTCore,10,862,0.0116
IoTCore,Kinesis,10,81,0.1235
Kinesis,UserConsumerWeb,10,248,0.0403
RDS,S3,10,263,0.038
UserCompanyAPI,ThirdParty,10,39,0.2564
Firehose,KinesisAnalytics,10,148,0.0676
KinesisAnalytics,Firehose,10,27,0.3704
CloudFront,EC2,10,291,0.0344
MediaLive,MediaPackage,10,10,1.0
SNS,UserConsumerMobile,10,215,0.0465
EC2,UserConsumerEdge,10,1266,0.0079
StepFunctions,Transcribe,10,294,0.034
Athena,Glue,10,207,0.0483
Connect,Lex,10,85,0.1176
KMS,ThirdParty,10,41,0.2439
ECS,SQS,10,363,0.0275
StepFunctions,ThirdParty,9,294,0.0306
WAF,UserConsumerWeb,9,58,0.1552
UserConsumerWeb,WAF,9,388,0.0232
UserConsumerMobile,ThirdParty,9,307,0.0293
ThirdParty,StepFunctions,9,862,0.0104
ApiGateway,ELB,8,537,0.0149
ECS,Kinesis,8,363,0.022
EKS,UserConsumerMobile,8,495,0.0162
ThirdParty,UserConsumerWeb,8,862,0.0093
ApiGateway,EC2,8,537,0.0149
EC2,ECS,8,1266,0.0063
UserConsumerAPI,ECS,7,141,0.0496
ThirdParty,UserConsumerAPI,7,862,0.0081
ElastiCache,ThirdParty,7,107,0.0654
CloudWatch,ThirdParty,7,202,0.0347
ELB,ApiGateway,7,226,0.031
CloudFront,Route53,7,291,0.0241
NLB,ThirdParty,7,42,0.1667
ThirdParty,NLB,7,862,0.0081
FSX,ThirdParty,7,29,0.2414
Cognito,UserConsumerMobile,7,54,0.1296
Kinesis,ECS,7,248,0.0282
ThirdParty,SQS,7,862,0.0081
Fargate,Aurora,7,184,0.038
DynamoDB,AppSync,7,496,0.0141
ECS,UserConsumerAPI,7,363,0.0193
SageMaker,Aurora,7,251,0.0279
Cognito,ThirdParty,6,54,0.1111
DynamoDB,Fargate,6,496,0.0121
Fargate,ThirdParty,6,184,0.0326
EKS,NLB,6,495,0.0121
UserConsumerMobile,WAF,6,307,0.0195
UserCompanyEdge,Lambda,6,12,0.5
GuardDuty,SecurityHub,6,36,0.1667
Lambda,ECR,6,2075,0.0029
EKS,ApiGateway,6,495,0.0121
Firehose,Kinesis,6,148,0.0405
DocumentDB,Lambda,6,7,0.8571
Lambda,UserCompanyDataStream,6,2075,0.0029
SageMaker,IAM,6,251,0.0239
EC2,ECR,6,1266,0.0047
ECS,AmazonMQ,6,363,0.0165
DynamoDB,ThirdParty,6,496,0.0121
ThirdParty,DynamoDB,6,862,0.007
ECR,Lambda,6,66,0.0909
EC2,PrivateLink,6,1266,0.0047
EMR,ECS,6,208,0.0288
SQS,BeanStalk,6,380,0.0158
Fargate,DynamoDB,6,184,0.0326
EC2,Fargate,6,1266,0.0047
Route53,ApiGateway,6,103,0.0583
RedShift,Glue,6,148,0.0405
IAM,SageMaker,6,39,0.1538
StepFunctions,Neptune,6,294,0.0204
EKS,CloudFront,6,495,0.0121
Fargate,OpenSearch,6,184,0.0326
Inspector,SecurityHub,6,6,1.0
StorageGateway,S3,6,16,0.375
EKS,SageMaker,6,495,0.0121
EC2,MSK,6,1266,0.0047
UserCompanyAnalyst,EC2,6,116,0.0517
UserConsumerCamera,EKS,6,10,0.6
IoTAnalytics,QuickSight,6,11,0.5455
Fargate,ECS,6,184,0.0326
UserCompanyAPI,Lambda,6,39,0.1538
ApiGateway,ThirdParty,6,537,0.0112
RDS,Kinesis,6,263,0.0228
QuickSight,Athena,6,42,0.1429
UserConsumerWeb,RedShift,6,388,0.0155
EC2,UserConsumerTV,6,1266,0.0047
Fargate,CloudWatch,6,184,0.0326
KinesisDataStream,Lambda,6,37,0.1622
KMS,EBS,6,41,0.1463
ApiGateway,EKS,6,537,0.0112
UserConsumerEdge,Greengrass,6,94,0.0638
CodeBuild,ECR,6,22,0.2727
S3,LambdaAtEdge,6,1551,0.0039
Lambda,EventBridge,6,2075,0.0029
Fargate,ALB,6,184,0.0326
CloudWatch,Firehose,6,202,0.0297
MSK,EMR,6,68,0.0882
StepFunctions,WorkSpaces,6,294,0.0204
ECS,SNS,6,363,0.0165
ThirdParty,ALB,6,862,0.007
UserCompanyDataStream,Kinesis,6,189,0.0317
Glue,DynamoDB,6,229,0.0262
Greengrass,IoTCore,6,8,0.75
LambdaAtEdge,Firehose,6,55,0.1091
Aurora,SageMaker,6,145,0.0414
CodePipeline,Lambda,6,41,0.1463
ECR,CodeBuild,6,66,0.0909
EKS,ECR,6,495,0.0121
ALB,Fargate,6,204,0.0294
UserCompanyDeveloper,Lambda,6,182,0.033
IoTCore,IoTAnalytics,6,81,0.0741
ELB,ThirdParty,6,226,0.0265
S3,KMS,6,1551,0.0039
EMR,EC2,6,208,0.0288
Lambda,EMR,6,2075,0.0029
EC2,UserCompanyAnalyst,6,1266,0.0047
Firehose,Lambda,6,148,0.0405
S3,MSK,6,1551,0.0039
Timestream,Grafana,5,6,0.8333
UserConsumerWeb,Lambda,5,388,0.0129
Comprehend,Polly,5,53,0.0943
IoTAnalytics,UserConsumerWeb,5,11,0.4545
ThirdParty,Neptune,5,862,0.0058
UserConsumerAPI,EC2,5,141,0.0355
DirectConnect,UserCompanyDataStream,5,33,0.1515
UserCompanyAnalyst,LakeFormation,5,116,0.0431
UserConsumerAPI,ServiceCatalog,5,141,0.0355
EMR,DynamoDB,5,208,0.024
ECR,ControlTower,5,66,0.0758
UserCompanyInternalPlatform,Lambda,5,15,0.3333
Connect,Firehose,5,85,0.0588
Firehose,Connect,5,148,0.0338
EKS,VPC,5,495,0.0101
ThirdParty,KinesisDataStream,5,862,0.0058
StorageGateway,ThirdParty,5,16,0.3125
CloudFormation,Cognito,5,130,0.0385
SQS,UserCompanyAgent,5,380,0.0132
UserConsumerWeb,OpenSearch,5,388,0.0129
UserCompanyAnalyst,ServiceCatalog,5,116,0.0431
Lambda,ServiceCatalog,5,2075,0.0024
ApiGateway,EventBridge,5,537,0.0093
ThirdParty,Connect,5,862,0.0058
VPCPeering,MongoDBAtlas,5,16,0.3125
EC2,Neptune,5,1266,0.0039
ThirdParty,MediaConvert,5,862,0.0058
Lambda,Transcribe,5,2075,0.0024
CodePipeline,S3,5,41,0.122
UserConsumerAPI,DMS,5,141,0.0355
EC2,CloudFormation,5,1266,0.0039
StorageGateway,DirectConnect,5,16,0.3125
LambdaAtEdge,Route53,5,55,0.0909
VPN,ThirdParty,5,26,0.1923
EKS,CloudHSM,5,495,0.0101
CloudWatch,EKS,5,202,0.0248
EC2,StepFunctions,5,1266,0.0039
SageMaker,StepFunctions,5,251,0.0199
S3,DataPipeline,5,1551,0.0032
DataPipeline,RedShift,5,10,0.5
Athena,ApiGateway,5,207,0.0242
UserCompanyDeveloper,SecurityHub,5,182,0.0275
Firehose,ELB,5,148,0.0338
CloudHSM,EC2,5,10,0.5
EC2,CloudHSM,5,1266,0.0039
UserConsumerEdge,TransferFamily,5,94,0.0532
Connect,Pinpoint,5,85,0.0588
IoTCore,Rekognition,5,81,0.0617
IoTCore,KinesisDataStream,5,81,0.0617
Athena,Fargate,5,207,0.0242
MSK,Fargate,5,68,0.0735
ApiGateway,UserConsumerEdge,5,537,0.0093
EC2,UserConsumerAPI,5,1266,0.0039
EC2,UserCompanyDataStream,5,1266,0.0039
DMS,RDS,5,67,0.0746
Lex,DevTools,5,38,0.1316
Lambda,DevTools,5,2075,0.0024
UserCompanyDeveloper,DevTools,5,182,0.0275
UserConsumerWeb,Pinpoint,5,388,0.0129
OnPremDC,S3,5,26,0.1923
Macie,S3,5,5,1.0
ECR,CloudFormation,5,66,0.0758
Kinesis,UserConsumerTV,5,248,0.0202
UserCompanyAnalyst,ECR,5,116,0.0431
CloudFront,ThirdParty,5,291,0.0172
UserConsumerWebMobile,ELB,5,57,0.0877
ACM,ServiceCatalog,5,5,1.0
CloudWatch,UserCompanyDeveloper,5,202,0.0248
KinesisDataStream,Neptune,5,37,0.1351
VPN,S3,5,26,0.1923
Fargate,UserConsumerMobile,5,184,0.0272
CloudTrail,IAM,5,45,0.1111
ThirdParty,CloudFormation,5,862,0.0058
AppSync,UserConsumerMobile,5,73,0.0685
EC2,UserCompanyAPI,5,1266,0.0039
UserConsumerAPI,UserCompanyDataStream,5,141,0.0355
ControlTower,RDS,5,30,0.1667
RDS,ControlTower,5,263,0.019
GuardDuty,EventBridge,5,36,0.1389
UserConsumerWeb,Connect,5,388,0.0129
RedShift,SageMaker,5,148,0.0338
CloudFormation,IoTCore,5,130,0.0385
Translate,Connect,5,20,0.25
UserConsumerAPI,DynamoDB,5,141,0.0355
CloudFormation,Athena,5,130,0.0385
CodePipeline,ServiceCatalog,5,41,0.122
UserConsumerWeb,SageMaker,5,388,0.0129
AmazonMQ,EC2,5,7,0.7143
Lambda,Pinpoint,5,2075,0.0024
Pinpoint,UserConsumerMobile,5,16,0.3125
SageMaker,EKS,5,251,0.0199
UserConsumerWebMobile,ECS,5,57,0.0877
UserCompanyAgent,OpenSearch,5,79,0.0633
OpenSearch,RDS,5,74,0.0676
Lambda,MediaConnect,5,2075,0.0024
Lex,MediaConnect,5,38,0.1316
Translate,Polly,5,20,0.25
CodePipeline,ApiGateway,5,41,0.122
LakeFormation,SageMaker,5,25,0.2
UserConsumerWebMobile,KinesisVideo,5,57,0.0877
UserConsumerIOT,KinesisVideo,5,21,0.2381
Athena,RedShift,5,207,0.0242
SystemsManager,Lambda,5,25,0.2
Chime,DynamoDB,5,17,0.2941
VPC,VPN,5,40,0.125
CloudHSM,EKS,5,10,0.5
BeanStalk,ThirdParty,5,31,0.1613
Lambda,EKS,5,2075,0.0024
EFS,EC2,5,23,0.2174
DirectConnect,DMS,5,33,0.1515
GuardDuty,SNS,5,36,0.1389
Pinpoint,Connect,5,16,0.3125
KinesisAnalytics,S3,5,27,0.1852
UserConsumerFarmer,Fargate,5,5,1.0
CloudFront,BeanStalk,5,291,0.0172
CloudFront,Athena,5,291,0.0172
EKS,ECS,5,495,0.0101
AppDiscovery,EC2,5,5,1.0
Aurora,AppSync,5,145,0.0345
MediaConvert,Transcribe,5,26,0.1923
ECR,ThirdParty,5,66,0.0758
ServiceCatalog,VPC,5,42,0.119
DataPipeline,Athena,5,10,0.5
EC2,OpenSearch,5,1266,0.0039
UserCompanyAnalyst,StepFunctions,5,116,0.0431
S3,ALB,5,1551,0.0032
ECS,GlobalAccelerator,5,363,0.0138
Kinesis,RDS,5,248,0.0202
CodePipeline,EventBridge,5,41,0.122
UserCompanyDataStream,KinesisDataStream,5,189,0.0265
KinesisDataStream,ThirdParty,5,37,0.1351
Neptune,CloudWatch,5,44,0.1136
VPCPeering,ThirdParty,5,16,0.3125
VPCPeering,EC2,5,16,0.3125
Lambda,IoTCore,5,2075,0.0024
Neptune,StepFunctions,5,44,0.1136
UserConsumerPOS,ECS,5,8,0.625
Fargate,EMR,5,184,0.0272
UserCompanyDataStream,VPN,5,189,0.0265
S3,UserConsumerDeveloper,5,1551,0.0032
Route53,NLB,5,103,0.0485
EMR,OpenSearch,5,208,0.024
ApiGateway,Kendra,5,537,0.0093
Firehose,Glue,5,148,0.0338
Connect,UserConsumerWeb,5,85,0.0588
Connect,S3,5,85,0.0588
Firehose,ThirdParty,5,148,0.0338
SageMaker,EC2,5,251,0.0199
SageMaker,UserCompanyDataStream,5,251,0.0199
UserCompanyDeveloper,CloudFormation,5,182,0.0275
CodeCommit,CodePipeline,5,22,0.2273
Aurora,RedShift,5,145,0.0345
UserCompanyCRM,NLB,5,15,0.3333
Neptune,EC2,5,44,0.1136
Lambda,KinesisAnalytics,5,2075,0.0024
AppSync,Amplify,5,73,0.0685
MediaConnect,Translate,5,25,0.2
S3,LakeFormation,5,1551,0.0032
UserConsumerAPI,Kinesis,5,141,0.0355
CloudFormation,AppStream,5,130,0.0385
KMS,SystemsManager,5,41,0.122
Aurora,UserCompanyAnalyst,5,145,0.0345
UserConsumerMobile,AppSync,5,307,0.0163
ALB,Lambda,5,204,0.0245
UserConsumerAPI,EventBridge,5,141,0.0355
Textract,StepFunctions,5,13,0.3846
BeanStalk,SQS,5,31,0.1613
FSX,S3,5,29,0.1724
LookoutForVision,Athena,5,5,1.0
WAF,ApiGateway,5,58,0.0862
GuardDuty,ThirdParty,5,36,0.1389
OpenSearch,EKS,5,74,0.0676
SNS,EC2,5,215,0.0233
Firehose,UserCompanyDataStream,5,148,0.0338
Kinesis,ThirdParty,5,248,0.0202
Fargate,MSK,5,184,0.0272
ALB,ApiGateway,5,204,0.0245
ECS,Route53,5,363,0.0138
CodeBuild,CloudFormation,5,22,0.2273
DevTools,DynamoDB,5,20,0.25
EKS,ALB,5,495,0.0101
MediaStore,MediaLive,5,10,0.5
Rekognition,S3,5,39,0.1282
ThirdParty,TransitGateway,5,862,0.0058
EKS,PrivateLink,5,495,0.0101
SAP,CloudWatch,5,10,0.5
EC2,NLB,5,1266,0.0039
ECR,SageMaker,5,66,0.0758
EC2,DirectoryService,5,1266,0.0039
OpenSearch,Aurora,5,74,0.0676
UserConsumerDeveloper,ThirdParty,5,16,0.3125
Cognito,UserCompanyDeveloper,5,54,0.0926
SystemsManager,EventBridge,5,25,0.2
KinesisDataStream,DynamoDB,5,37,0.1351
UserConsumerIOT,VPN,5,21,0.2381
UserCompanyDataStream,UserCompanyEdge,5,189,0.0265
ECS,UserCompanyDataStream,5,363,0.0138
Kinesis,Fargate,5,248,0.0202
VPN,DMS,5,26,0.1923
OpenSearch,AppSync,5,74,0.0676
DynamoDB,Athena,5,496,0.0101
UserCompanyInternalPlatform,Kendra,5,15,0.3333
S3,Kendra,5,1551,0.0032
IAM,STS,5,39,0.1282
EC2,STS,5,1266,0.0039
ThirdParty,StorageGateway,5,862,0.0058
Connect,Kinesis,5,85,0.0588
VPC,ThirdParty,5,40,0.125
CloudFormation,SageMaker,5,130,0.0385
SageMaker,CloudWatch,5,251,0.0199
UserCompanyDataStream,ALB,5,189,0.0265
CloudWatch,EBS,5,202,0.0248
Lambda,EBS,5,2075,0.0024
UserCompanyDeveloper,MSK,5,182,0.0275
ECS,CloudWatch,5,363,0.0138
CodePipeline,CloudFormation,5,41,0.122
CloudWatch,KinesisDataStream,5,202,0.0248
MediaConnect,S3,5,25,0.2
StepFunctions,UserConsumerWeb,5,294,0.017
SQS,Glue,5,380,0.0132
RDS,DMS,5,263,0.019
Glue,Lambda,5,229,0.0218
EC2,AppStream,5,1266,0.0039
AppStream,FSX,5,20,0.25
FSX,AppStream,5,29,0.1724
MSK,OpenSearch,5,68,0.0735
UserConsumerMobile,SQS,5,307,0.0163
VPC,EC2,5,40,0.125
EventBridge,UserConsumerAPI,5,82,0.061
FSX,UserConsumerWeb,5,29,0.1724
Lambda,TransitGateway,5,2075,0.0024
UserCompanyAnalyst,OpenSearch,5,116,0.0431
UserConsumerAPI,Lambda,5,141,0.0355
KinesisDataStream,Kinesis,5,37,0.1351
Connect,UserConsumerEdge,5,85,0.0588
CloudTrail,Firehose,5,45,0.1111
UserCompanyDataStream,ThirdParty,5,189,0.0265
FSX,EKS,5,29,0.1724
Transcribe,OpenSearch,5,61,0.082
CloudFormation,VPC,5,130,0.0385
Firehose,RedShift,5,148,0.0338
RDS,ElastiCache,5,263,0.019
ServiceCatalog,ECS,5,42,0.119
DynamoDB,DynamoDBStream,5,496,0.0101
EKS,Firehose,5,495,0.0101
UserConsumerWebMobile,Kinesis,5,57,0.0877
GlobalAccelerator,EC2,5,5,1.0
OpenSearch,CloudWatch,5,74,0.0676
UserConsumerIOT,S3,5,21,0.2381
WAF,ELB,5,58,0.0862
Aurora,EMR,5,145,0.0345
Kinesis,EMR,5,248,0.0202
EKS,AutoScaling,5,495,0.0101
TransitGateway,S3,5,20,0.25
Kendra,ApiGateway,5,5,1.0
S3,StorageGateway,5,1551,0.0032
CloudFormation,DynamoDB,5,130,0.0385
EC2,KMS,5,1266,0.0039
UserCompanyDeveloper,Route53,5,182,0.0275
Connect,UserCompanyAgent,5,85,0.0588
Kinesis,Transcribe,5,248,0.0202
DynamoDB,Comprehend,5,496,0.0101
ThirdParty,LakeFormation,5,862,0.0058
CloudFormation,CodeCommit,5,130,0.0385
RoboMaker,Kinesis,5,15,0.3333
ELB,CloudWatch,5,226,0.0221
UserCompanyDeveloper,ElastiCache,5,182,0.0275
SNS,DynamoDB,5,215,0.0233
Amplify,UserCompanyAgent,5,13,0.3846
RDS,OpenSearch,5,263,0.019
S3,MediaConnect,5,1551,0.0032
ApiGateway,Kinesis,5,537,0.0093
Aurora,Glue,5,145,0.0345
UserConsumerWeb,CloudFormation,5,388,0.0129
RDS,AppStream,5,263,0.019
S3,ECR,5,1551,0.0032
UserCompanyAPI,SageMaker,5,39,0.1282
Lambda,UserConsumerWebMobile,5,2075,0.0024
ThirdParty,MediaConnect,5,862,0.0058
ThirdParty,Athena,5,862,0.0058
BeanStalk,DynamoDB,5,31,0.1613
UserCompanyAgent,AppSync,5,79,0.0633
Athena,EC2,5,207,0.0242
ServiceNow,SecurityHub,5,5,1.0
Kinesis,KinesisDataStream,5,248,0.0202
Lex,StepFunctions,5,38,0.1316
UserConsumerMobile,OnPremDC,5,307,0.0163
ThirdParty,Firehose,5,862,0.0058
EC2,DMS,5,1266,0.0039
Glue,Comprehend,5,229,0.0218
ECS,EKS,5,363,0.0138
ThirdParty,UserCompanyDataStream,5,862,0.0058
ThirdParty,AppDiscovery,5,862,0.0058
QuickSight,S3,5,42,0.119
ThirdParty,KMS,5,862,0.0058
Comprehend,DynamoDB,5,53,0.0943
CodeBuild,CodeCommit,5,22,0.2273
SystemsManager,SAP,5,25,0.2
ElastiCache,CloudWatch,5,107,0.0467
ThirdParty,ServiceCatalog,5,862,0.0058
UserCompanyEdge,MSK,5,12,0.4167
Lambda,UserCompanyAnalyst,5,2075,0.0024
DynamoDB,UserCompanyDeveloper,5,496,0.0101
ECS,ECR,5,363,0.0138
EventBridge,CloudTrail,5,82,0.061
EventBridge,SQS,5,82,0.061
LakeFormation,StepFunctions,5,25,0.2
Athena,DynamoDB,5,207,0.0242
ControlTower,S3,5,30,0.1667
S3,ControlTower,5,1551,0.0032
UserCompanyInternalPlatform,UserConsumerWeb,5,15,0.3333
Glue,RDS,5,229,0.0218
STS,IAM,5,15,0.3333
STS,EC2,5,15,0.3333
UserCompanyDrone,ThirdParty,5,10,0.5
UserConsumerWebMobile,Cognito,5,57,0.0877
KMS,EC2,5,41,0.122
TransitGateway,VPC,5,20,0.25
DynamoDB,Translate,5,496,0.0101
EC2,UserConsumerMobile,5,1266,0.0039
CloudTrail,VPC,5,45,0.1111
CloudFormation,ServiceCatalog,5,130,0.0385
RoboMaker,CloudWatch,5,15,0.3333
ECS,SageMaker,5,363,0.0138
ThirdParty,Aurora,5,862,0.0058
EBS,CloudWatch,5,25,0.2
RDS,CloudWatch,5,263,0.019
Textract,Lambda,5,13,0.3846
S3,CodeBuild,5,1551,0.0032
CodeBuild,S3,5,22,0.2273
Lex,Lambda,5,38,0.1316
SageMaker,Lex,5,251,0.0199
MediaConnect,Lambda,5,25,0.2
KinesisVideo,Rekognition,5,5,1.0
Lambda,Glue,5,2075,0.0024
CloudFormation,RDS,5,130,0.0385
AppStream,EC2,5,20,0.25
CloudFront,UserConsumerTV,5,291,0.0172
MediaConnect,MediaLive,5,25,0.2
UserConsumerTV,EC2,5,17,0.2941
Lambda,SecretsManager,5,2075,0.0024
UserCompanyAPI,RedShift,5,39,0.1282
RedShift,UserCompanyAPI,5,148,0.0338
DynamoDB,Kinesis,5,496,0.0101
S3,OpenSearch,5,1551,0.0032
ThirdParty,VPC,5,862,0.0058
StepFunctions,AppSync,5,294,0.017
CloudTrail,ThirdParty,5,45,0.1111
UserCompanyAgent,ServiceNow,5,79,0.0633
KinesisDataStream,KinesisAnalytics,5,37,0.1351
Fargate,Athena,5,184,0.0272
PrivateLink,Kinesis,5,31,0.1613
LambdaAtEdge,S3,5,55,0.0909
Organizations,Lambda,5,5,1.0
DevTools,Connect,5,20,0.25
DevTools,Lex,5,20,0.25
VPN,QuickSight,5,26,0.1923
S3,Rekognition,5,1551,0.0032
S3,Macie,5,1551,0.0032
Rekognition,DynamoDB,5,39,0.1282
CodeCommit,UserCompanyDeveloper,5,22,0.2273
MSK,UserCompanyAnalyst,5,68,0.0735
VPC,ALB,5,40,0.125
DynamoDBStream,Firehose,5,5,1.0
DirectoryService,EC2,5,5,1.0
UserCompanyDeveloper,Cognito,5,182,0.0275
Neptune,OpenSearch,5,44,0.1136
Polly,EC2,5,10,0.5
Neptune,ThirdParty,5,44,0.1136
DynamoDB,UserCompanyCRM,5,496,0.0101
ELB,Cognito,5,226,0.0221
EKS,TransitGateway,5,495,0.0101
UserCompanyDeveloper,ControlTower,5,182,0.0275
STS,CloudTrail,5,15,0.3333
S3,Connect,5,1551,0.0032
IoTCore,UserConsumerWebMobile,5,81,0.0617
DirectConnect,TransitGateway,5,33,0.1515
DynamoDB,UserConsumerAPI,5,496,0.0101
CloudFormation,EKS,5,130,0.0385
ThirdParty,UserCompanyAPI,5,862,0.0058
SQS,ElastiCache,5,380,0.0132
QuickSight,RDS,5,42,0.119
OpenSearch,UserCompanyAgent,5,74,0.0676
S3,ElastiCache,5,1551,0.0032
UserCompanyDataStream,DMS,5,189,0.0265
Fargate,SQS,5,184,0.0272
SystemsManager,EC2,5,25,0.2
SageMaker,UserCompanyAPI,5,251,0.0199
EC2,NAT,5,1266,0.0039
DynamoDB,CloudFront,5,496,0.0101
Lambda,ALB,5,2075,0.0024
UserCompanyDrone,S3,5,10,0.5
S3,DynamoDB,5,1551,0.0032
Lambda,KinesisDataStream,5,2075,0.0024
Fargate,UserConsumerFarmer,5,184,0.0272
UserConsumerEdge,ALB,5,94,0.0532
IoTCore,EC2,5,81,0.0617
ShieldAdvanced,WAF,5,5,1.0
MSK,UserCompanyCRM,5,68,0.0735
Connect,DevTools,5,85,0.0588
DevTools,Lambda,5,20,0.25
TransitGateway,QuickSight,5,20,0.25
UserCompanyDataStream,MediaStore,5,189,0.0265
EC2,AppDiscovery,5,1266,0.0039
DynamoDB,Transcribe,5,496,0.0101
UserConsumerTV,Kinesis,5,17,0.2941
ServiceCatalog,ACM,5,42,0.119
Lambda,UserCompanyDeveloper,5,2075,0.0024
Grafana,Timestream,5,5,1.0
Neptune,KinesisDataStream,5,44,0.1136
SQS,UserConsumerIOT,5,380,0.0132
IAM,CloudFormation,5,39,0.1282
UserCompanyDataStream,ECS,5,189,0.0265
DMS,RedShift,5,67,0.0746
UserConsumerDeveloper,S3,5,16,0.3125
ServiceCatalog,UserConsumerAPI,5,42,0.119
AppSync,OpenSearch,5,73,0.0685
UserCompanyAPI,OpenSearch,5,39,0.1282
ApiGateway,Fargate,5,537,0.0093
UserConsumerWeb,UserCompanyInternalPlatform,5,388,0.0129
UserConsumerHospital,UserCompanyInternalPlatform,5,6,0.8333
CloudTrail,OpenSearch,5,45,0.1111
Glue,Firehose,5,229,0.0218
Comprehend,Transcribe,5,53,0.0943
UserConsumerWebMobile,IoTCore,5,57,0.0877
Cognito,UserConsumerWebMobile,5,54,0.0926
Comprehend,Connect,5,53,0.0943
CloudFormation,StepFunctions,5,130,0.0385
RedShift,EMR,5,148,0.0338
Aurora,ThirdParty,5,145,0.0345
EC2,UserCompanyCRM,5,1266,0.0039
EC2,AmazonMQ,5,1266,0.0039
StepFunctions,ControlTower,5,294,0.017
EBS,ECS,5,25,0.2
DynamoDB,UserConsumerMobile,5,496,0.0101
ECS,ELB,5,363,0.0138
Amplify,AppSync,5,13,0.3846
Lambda,UserConsumerAPI,5,2075,0.0024
MediaConnect,Lex,5,25,0.2
Transcribe,Lambda,5,61,0.082
DynamoDB,StepFunctions,5,496,0.0101
Kinesis,ApiGateway,5,248,0.0202
Rekognition,Kinesis,5,39,0.1282
Glue,Aurora,5,229,0.0218
OpenSearch,SNS,5,74,0.0676
SystemsManager,KMS,5,25,0.2
NAT,ThirdParty,5,5,1.0
UserCompanyDataStream,StorageGateway,5,189,0.0265
Lambda,Chime,5,2075,0.0024
DynamoDB,Chime,5,496,0.0101
VPN,VPC,5,26,0.1923
Route53,WAF,5,103,0.0485
EventBridge,S3,5,82,0.061
DynamoDB,BeanStalk,5,496,0.0101
BeanStalk,Kinesis,5,31,0.1613
DirectConnect,UserCompanyHeadEnd,5,33,0.1515
ApiGateway,Athena,5,537,0.0093
Rekognition,LookoutForVision,5,39,0.1282
AccessAnalyzer,SecurityHub,5,5,1.0
Fargate,SecurityHub,5,184,0.0272
SecurityHub,ServiceNow,5,26,0.1923
BeanStalk,Aurora,5,31,0.1613
Neptune,Lambda,5,44,0.1136
ControlTower,VPN,5,30,0.1667
UserCompanyAgent,DynamoDB,5,79,0.0633
AppSync,Aurora,5,73,0.0685
Lambda,Cognito,5,2075,0.0024
Rekognition,OpenSearch,5,39,0.1282
EC2,SAP,5,1266,0.0039
UserConsumerAPI,ElastiCache,5,141,0.0355
ThirdParty,CloudFront,5,862,0.0058
ELB,UserConsumerWebMobile,5,226,0.0221
EMR,Lambda,5,208,0.024
ALB,UserCompanyDeveloper,5,204,0.0245
UserCompanyDataStream,EMR,5,189,0.0265
Neptune,DynamoDB,5,44,0.1136
UserConsumerSatellite,EC2,5,6,0.8333
ThirdParty,Cognito,5,862,0.0058
UserConsumerMobile,Fargate,5,307,0.0163
EMR,EventBridge,5,208,0.024
StepFunctions,LakeFormation,5,294,0.017
Cognito,ELB,5,54,0.0926
VPC,EKS,5,40,0.125
SecurityHub,Lambda,5,26,0.1923
AutoScaling,CloudWatch,5,5,1.0
Translate,S3,5,20,0.25
OpenSearch,UserConsumerWeb,5,74,0.0676
OnPremDC,Glue,5,26,0.1923
SageMaker,ThirdParty,5,251,0.0199
EC2,CloudTrail,5,1266,0.0039
SageMaker,UserCompanyAnalyst,5,251,0.0199
RedShift,Aurora,5,148,0.0338
CloudWatch,ELB,5,202,0.0248
UserConsumerWeb,NLB,5,388,0.0129
UserCompanyAgent,Amplify,5,79,0.0633
Lambda,Lex,5,2075,0.0024
MediaConvert,Lambda,5,26,0.1923
Polly,Translate,5,10,0.5
Athena,UserCompanyAgent,5,207,0.0242
DMS,UserCompanyDataStream,5,67,0.0746
SageMaker,Athena,5,251,0.0199
UserConsumerWeb,AppStream,5,388,0.0129
AppStream,UserConsumerWeb,5,20,0.25
IoTCore,Firehose,5,81,0.0617
UserCompanyAnalyst,Aurora,5,116,0.0431
SecretsManager,Lambda,5,5,1.0
ELB,UserConsumerMobile,5,226,0.0221
S3,EventBridge,5,1551,0.0032
Athena,Aurora,5,207,0.0242
AppSync,StepFunctions,5,73,0.0685
EKS,OpenSearch,5,495,0.0101
DMS,DynamoDB,5,67,0.0746
ThirdParty,EBS,5,862,0.0058
ThirdParty,TransferFamily,5,862,0.0058
ThirdParty,PrivateLink,5,862,0.0058
UserConsumerMobile,ShieldAdvanced,5,307,0.0163
MediaPackage,Transcribe,5,17,0.2941
Pinpoint,UserConsumerWeb,5,16,0.3125
TransitGateway,EKS,5,20,0.25
PrivateLink,SNS,5,31,0.1613
Comprehend,OpenSearch,5,53,0.0943
EC2,S2SVPN,5,1266,0.0039
RedShift,Firehose,5,148,0.0338
UserConsumerMobile,EC2,5,307,0.0163
RDS,DataPipeline,5,263,0.019
UserCompanyAPI,EC2,5,39,0.1282
Lambda,Timestream,5,2075,0.0024
ThirdParty,VPCPeering,5,862,0.0058
Connect,UserCompanyCRM,5,85,0.0588
UserCompanyCRM,UserCompanyAgent,5,15,0.3333
UserCompanyCRM,RDS,5,15,0.3333
ECS,UserConsumerPOS,5,363,0.0138
UserConsumerDeveloper,EKS,5,16,0.3125
Aurora,DMS,5,145,0.0345
LakeFormation,UserCompanyAnalyst,5,25,0.2
AppSync,DynamoDB,5,73,0.0685
EMR,Kinesis,5,208,0.024
DynamoDB,OpenSearch,5,496,0.0101
ELB,ShieldAdvanced,5,226,0.0221
ControlTower,ECR,5,30,0.1667
CloudFormation,ApiGateway,5,130,0.0385
UserCompanyAgent,SQS,5,79,0.0633
VPC,PrivateLink,5,40,0.125
PrivateLink,NLB,5,31,0.1613
CloudFormation,RedShift,5,130,0.0385
UserConsumerAPI,SNS,5,141,0.0355
SageMaker,ECR,5,251,0.0199
SageMaker,RoboMaker,5,251,0.0199
RoboMaker,SageMaker,5,15,0.3333
S3,UserCompanyDataStream,5,1551,0.0032
CloudFront,ALB,5,291,0.0172
UserCompanyDeveloper,RDS,5,182,0.0275
StepFunctions,SES,5,294,0.017
RDS,QuickSight,5,263,0.019
UserCompanyAgent,SageMaker,5,79,0.0633
Translate,MediaConnect,5,20,0.25
CloudFormation,FSX,5,130,0.0385
AppStream,RDS,5,20,0.25
SageMaker,MSK,5,251,0.0199
DirectConnect,S3,5,33,0.1515
CloudFront,UserConsumerWebMobile,5,291,0.0172
CloudFront,DynamoDB,5,291,0.0172
UserConsumerTV,CloudFront,5,17,0.2941
OpenSearch,UserCompanyAnalyst,5,74,0.0676
VPC,EMR,5,40,0.125
EventBridge,Firehose,5,82,0.061
PrivateLink,ThirdParty,5,31,0.1613
EC2,KinesisDataStream,5,1266,0.0039
OnPremDC,MSK,5,26,0.1923
PrivateLink,S3,5,31,0.1613
ApiGateway,ALB,5,537,0.0093
CodePipeline,CodeCommit,5,41,0.122
DynamoDB,DevTools,5,496,0.0101
Aurora,TransitGateway,5,145,0.0345
ControlTower,QuickSight,5,30,0.1667
MediaStore,S3,5,10,0.5
Cognito,Lambda,5,54,0.0926
ControlTower,Organizations,5,30,0.1667
MediaConvert,StepFunctions,5,26,0.1923
CloudFormation,ECR,5,130,0.0385
VPC,CloudFormation,5,40,0.125
SAP,EC2,5,10,0.5
Aurora,S3,5,145,0.0345
DirectConnect,ThirdParty,4,33,0.1212
WAF,ThirdParty,3,58,0.0517
RDS,ThirdParty,3,263,0.0114
SageMaker,ModelRegistry,3,251,0.012
DirectConnect,EC2,3,33,0.0909
ThirdParty,WAF,3,862,0.0035
CodePipeline,ECR,2,41,0.0488
UserConsumerIOT,KinesisDataStream,2,21,0.0952
ThirdParty,SageMaker,2,862,0.0023
Lambda,MongoDBAtlas,2,2075,0.001
Batch,ThirdParty,2,9,0.2222
CodeCommit,Lambda,2,22,0.0909
BeanStalk,RDS,2,31,0.0645
Lex,UserConsumerMobile,2,38,0.0526
ThirdParty,ElastiCache,2,862,0.0023
Lambda,Batch,2,2075,0.001
UserConsumerMobile,Chime,2,307,0.0065
ApiGateway,Aurora,2,537,0.0037
Fargate,MemoryDB,2,184,0.0109
Fargate,AmazonMQ,2,184,0.0109
Batch,FSX,2,9,0.2222
ECS,Firehose,2,363,0.0055
UserCompanyAgent,EKS,2,79,0.0253
WAF,ALB,2,58,0.0345
ThirdParty,CloudWatch,2,862,0.0023
UserConsumerAlexaGoogleHome,Lambda,2,3,0.6667
UserConsumerMobile,AlexaForBusiness,2,307,0.0065
KMS,Aurora,2,41,0.0488
Amplify,ApiGateway,2,13,0.1538
UserConsumerPOS,ThirdParty,2,8,0.25
UserCompanyAgent,LambdaAtEdge,2,79,0.0253
CloudFront,UserCompanyAgent,2,291,0.0069
BeanStalk,Neptune,2,31,0.0645
ECS,RedShift,2,363,0.0055
Aurora,KMS,2,145,0.0138
EKS,SES,2,495,0.004
SES,EKS,2,2,1.0
ECR,CodePipeline,2,66,0.0303
EKS,UserConsumerCamera,2,495,0.004
Neptune,BeanStalk,2,44,0.0455
ModelRegistry,SageMaker,2,3,0.6667
ElementalLive,MediaPackage,2,2,1.0
UserCompanyElementalLiveDevice,ElementalLive,2,2,1.0
S3,ServiceCatalog,2,1551,0.0013
MediaPackage,S3,2,17,0.1176
Chime,UserConsumerMobile,2,17,0.1176
Textract,S3,2,13,0.1538
EMR,MSK,2,208,0.0096
ThirdParty,SecurityHub,2,862,0.0023
AlexaForBusiness,UserConsumerMobile,2,3,0.6667
Rekognition,Textract,1,39,0.0256
Fargate,Rekognition,1,184,0.0054
UserCompanyDeveloper,CodePipeline,1,182,0.0055
CodePipeline,SNS,1,41,0.0244
ALB,WAF,1,204,0.0049
UserConsumerTV,WAF,1,17,0.0588
S3,Textract,1,1551,0.0006
ElastiCache,RDS,1,107,0.0093
AMI,EKS,1,1,1.0
Greengrass,UserConsumerMobile,1,8,0.125
Lex,DynamoDB,1,38,0.0263
NLB,Lambda,1,42,0.0238
UserConsumerMobile,SageMaker,1,307,0.0033
Transcribe,Firehose,1,61,0.0164
EKS,Fargate,1,495,0.002
Cognito,ApiGateway,1,54,0.0185
UserConsumerWebMobile,S3,1,57,0.0175
ThirdParty,AppSync,1,862,0.0012
UserConsumerDeveloper,ApiGateway,1,16,0.0625
CodeBuild,CodePipeline,1,22,0.0455
Lambda,CodePipeline,1,2075,0.0005
UserConsumerWeb,EFS,1,388,0.0026
EFS,UserConsumerWeb,1,23,0.0435
UserConsumerHospital,StorageGateway,1,6,0.1667
ApiGateway,NLB,1,537,0.0019
DynamoDB,Lex,1,496,0.002
Lambda,IAM,1,2075,0.0005
BeanStalk,ApiGateway,1,31,0.0323
UserCompanyAnalyst,ModelRegistry,1,116,0.0086
ModelRegistry,ThirdParty,1,3,0.3333
LambdaAtEdge,ApiGateway,1,55,0.0182
Shield,CloudFront,1,1,1.0
OpenSearch,Fargate,1,74,0.0135
UserCompanyAnalyst,ELB,1,116,0.0086
S3,Batch,1,1551,0.0006
ELB,Fargate,1,226,0.0044
UserConsumerEdge,MSK,1,94,0.0106
UserConsumerIOT,Cognito,1,21,0.0476
Neptune,EMR,1,44,0.0227
UserConsumerCamera,Route53,1,10,0.1
S3,UserConsumerCamera,1,1551,0.0006
Route53,UserConsumerCamera,1,103,0.0097
SecurityHub,CloudWatch,1,26,0.0385
Greengrass,ApiGateway,1,8,0.125
Lex,UserConsumerAlexaGoogleHome,1,38,0.0263
Lex,Comprehend,1,38,0.0263
EMR,UserConsumerWeb,1,208,0.0048
UserCompanyDataStream,Transcribe,1,189,0.0053
ThirdParty,Batch,1,862,0.0012
UserConsumerAPI,KMS,1,141,0.0071
Fargate,DocumentDB,1,184,0.0054
Textract,DynamoDB,1,13,0.0769
Neptune,ApiGateway,1,44,0.0227
UserConsumerMobile,UserConsumerPOS,1,307,0.0033
DirectConnect,UserConsumerAPI,1,33,0.0303
Lambda,Translate,1,2075,0.0005
MSK,EC2,1,68,0.0147
UserConsumerCamera,ALB,1,10,0.1
UserConsumerAPI,Route53,1,141,0.0071
AmazonML,Lambda,1,1,1.0
ThirdParty,Lex,1,862,0.0012
StepFunctions,ECS,1,294,0.0034
EBS,KMS,1,25,0.04
IAM,EBS,1,39,0.0256
KMS,IAM,1,41,0.0244
Kinesis,KinesisAnalytics,1,248,0.004
Lambda,WAF,1,2075,0.0005
ECS,EMR,1,363,0.0028
UserCompanyDataStream,StepFunctions,1,189,0.0053
Firehose,ApiGateway,1,148,0.0068
Fargate,CloudFront,1,184,0.0054
Amplify,Aurora,1,13,0.0769
DMS,ThirdParty,1,67,0.0149
Glue,EKS,1,229,0.0044
Batch,S3,1,9,0.1111
ThirdParty,KinesisAnalytics,1,862,0.0012
ECS,UserConsumerIOT,1,363,0.0028
S3,Cognito,1,1551,0.0006
Lambda,SageMakerGroundTruth,1,2075,0.0005
UserConsumerMobile,UserConsumerCamera,1,307,0.0033
EKS,Athena,1,495,0.002
Lambda,AmazonML,1,2075,0.0005
AlexaForBusiness,Lambda,1,3,0.3333
EBS,IAM,1,25,0.04
ApiGateway,UserCompanyAPI,1,537,0.0019
ELB,DirectConnect,1,226,0.0044
RedShift,ECS,1,148,0.0068
Batch,ECS,1,9,0.1111
Route53,Fargate,1,103,0.0097
ApiGateway,Neptune,1,537,0.0019
StepFunctions,Fargate,1,294,0.0034
UserConsumerTV,ApiGateway,1,17,0.0588
UserConsumerCamera,S3,1,10,0.1
UserConsumerMobile,Aurora,1,307,0.0033
WAF,Firehose,1,58,0.0172
Batch,Lambda,1,9,0.1111
FSX,EC2,1,29,0.0345
Timestream,Lambda,1,6,0.1667
Lex,SNS,1,38,0.0263
SNS,Lex,1,215,0.0047
OpenSearch,Lex,1,74,0.0135
NLB,UserConsumerAPI,1,42,0.0238
EMR,RDS,1,208,0.0048
EBS,SQS,1,25,0.04
KinesisAnalytics,Kinesis,1,27,0.037
ELB,VPCPeering,1,226,0.0044
VPCPeering,VPC,1,16,0.0625
IoTCore,ThirdParty,1,81,0.0123
UserCompanyAnalyst,ThirdParty,1,116,0.0086
Fargate,EKS,1,184,0.0054
CloudFront,ECS,1,291,0.0034
DocumentDB,Fargate,1,7,0.1429
UserCompanyDataStream,Amplify,1,189,0.0053
ApiGateway,Cognito,1,537,0.0019
ApiGateway,Amplify,1,537,0.0019
UserConsumerIOT,IoTCore,1,21,0.0476
UserCompanyAPI,Kinesis,1,39,0.0256
Athena,EMR,1,207,0.0048
EKS,Glue,1,495,0.002
EKS,IAM,1,495,0.002
EMR,EKS,1,208,0.0048
PrivateLink,UserConsumerAPI,1,31,0.0323
SNS,StepFunctions,1,215,0.0047
Rekognition,Fargate,1,39,0.0256
CloudFront,UserCompanyAnalyst,1,291,0.0034
UserConsumerIOT,ThirdParty,1,21,0.0476
CodePipeline,UserCompanyDeveloper,1,41,0.0244
CodePipeline,CodeBuild,1,41,0.0244
Kinesis,UserCompanyDataStream,1,248,0.004
UserConsumerWeb,DynamoDB,1,388,0.0026
Fargate,ELB,1,184,0.0054
VPN,Fargate,1,26,0.0385
ALB,CloudWatch,1,204,0.0049
S3,Comprehend,1,1551,0.0006
AppSync,UserConsumerAPI,1,73,0.0137
DeepLens,Lambda,1,1,1.0
UserCompanyDeveloper,EKS,1,182,0.0055
EKS,AMI,1,495,0.002
UserConsumerCamera,UserConsumerMobile,1,10,0.1
AmazonMQ,ECS,1,7,0.1429
AmazonMQ,Fargate,1,7,0.1429
QuickSight,LambdaAtEdge,1,42,0.0238
Athena,QuickSight,1,207,0.0048
S3,SES,1,1551,0.0006
NLB,ApiGateway,1,42,0.0238
Lambda,AlexaForBusiness,1,2075,0.0005
ELB,BeanStalk,1,226,0.0044
Route53,EC2,1,103,0.0097
Pinpoint,ApiGateway,1,16,0.0625
Lambda,Route53,1,2075,0.0005
IAM,EKS,1,39,0.0256
Fargate,Lambda,1,184,0.0054
UserConsumerIOT,EC2,1,21,0.0476
Batch,EventBridge,1,9,0.1111
UserConsumerMobile,Greengrass,1,307,0.0033
UserConsumerMobile,Lex,1,307,0.0033
ThirdParty,MSK,1,862,0.0012
EBS,S3,1,25,0.04
UserCompanyAPI,ApiGateway,1,39,0.0256
ApiGateway,Firehose,1,537,0.0019
IoTCore,OpenSearch,1,81,0.0123
EFS,ThirdParty,1,23,0.0435
MAM,ApiGateway,1,1,1.0
FSX,SageMaker,1,29,0.0345
DynamoDB,Glue,1,496,0.002
MemoryDB,Fargate,1,1,1.0
UserCompanyDeveloper,VPN,1,182,0.0055
BeanStalk,UserCompanyAPI,1,31,0.0323
RDS,BeanStalk,1,263,0.0038
DynamoDB,Firehose,1,496,0.002
Batch,EC2,1,9,0.1111
Lex,OpenSearch,1,38,0.0263
Lex,ThirdParty,1,38,0.0263
UserConsumerAPI,NLB,1,141,0.0071
Lambda,NLB,1,2075,0.0005
UserConsumerWeb,EMR,1,388,0.0026
EBS,EventBridge,1,25,0.04
ApiGateway,Pinpoint,1,537,0.0019
ServiceCatalog,SageMaker,1,42,0.0238
LambdaAtEdge,ThirdParty,1,55,0.0182
KMS,UserConsumerAPI,1,41,0.0244
ECS,Fargate,1,363,0.0028
UserCompanyDataStream,ApiGateway,1,189,0.0053
ApiGateway,UserCompanyDataStream,1,537,0.0019
Aurora,Fargate,1,145,0.0069
AppSync,ThirdParty,1,73,0.0137
UserConsumerPOS,UserConsumerMobile,1,8,0.125
ThirdParty,UserConsumerPOS,1,862,0.0012
EKS,EMR,1,495,0.002
EKS,UserCompanyAgent,1,495,0.002
EFS,Glue,1,23,0.0435
Glue,EFS,1,229,0.0044
ServiceCatalog,EC2,1,42,0.0238
OnPremDC,UserConsumerTV,1,26,0.0385
KinesisDataStream,Firehose,1,37,0.027
UserCompanyEdge,Firehose,1,12,0.0833
EMR,Neptune,1,208,0.0048
UserCompanyAPI,BeanStalk,1,39,0.0256
UserConsumerSatellite,S3,1,6,0.1667
UserConsumerWebMobile,EKS,1,57,0.0175
Athena,EKS,1,207,0.0048
ThirdParty,FSX,1,862,0.0012
UserConsumerAlexaGoogleHome,Lex,1,3,0.3333
Comprehend,Lex,1,53,0.0189
EventBridge,EBS,1,82,0.0122
SageMaker,UserConsumerMobile,1,251,0.004
CloudFront,ShieldAdvanced,1,291,0.0034
