service_a,service_b,cooc_frequency,jaccard_similarity
Lambda,S3,144,0.4932
DynamoDB,Lambda,92,0.4053
EC2,S3,86,0.3116
DynamoDB,S3,76,0.2825
ApiGateway,Lambda,75,0.3394
EC2,Lambda,63,0.2308
ApiGateway,S3,56,0.2105
RDS,S3,47,0.1858
S3,SQS,47,0.1873
ApiGateway,DynamoDB,44,0.2733
Lambda,SQS,43,0.1878
Athena,S3,41,0.1767
Lambda,RDS,38,0.161
Lambda,SNS,37,0.1729
S3,StepFunctions,35,0.1458
CloudFront,S3,34,0.1429
Glue,S3,34,0.1472
S3,SageMaker,34,0.1441
EKS,S3,34,0.1344
Lambda,StepFunctions,33,0.1528
DynamoDB,EC2,32,0.1502
EC2,RDS,32,0.1905
EC2,SQS,31,0.1856
ECS,S3,30,0.1215
Firehose,S3,30,0.1299
RedShift,S3,29,0.1255
CloudWatch,S3,28,0.1162
S3,SNS,28,0.1124
Kinesis,Lambda,28,0.1308
Kinesis,S3,28,0.1167
Athena,Lambda,27,0.1227
EMR,S3,26,0.1126
CloudWatch,Lambda,25,0.1147
ECS,Lambda,25,0.1106
Lambda,SageMaker,25,0.1142
Lambda,OpenSearch,25,0.1174
ApiGateway,EC2,25,0.1269
CloudFront,Lambda,24,0.1081
Firehose,Lambda,24,0.1137
ApiGateway,StepFunctions,22,0.1947
EC2,EKS,22,0.1333
Glue,Lambda,21,0.0963
EC2,ELB,21,0.1479
OpenSearch,S3,21,0.0864
DynamoDB,SNS,21,0.1511
DynamoDB,ECS,20,0.1429
DynamoDB,SQS,20,0.1242
EC2,ECS,19,0.1203
Athena,Glue,19,0.3333
Aurora,S3,19,0.0763
ApiGateway,ECS,18,0.1513
DynamoDB,Kinesis,18,0.1353
ApiGateway,SQS,17,0.1206
Aurora,Lambda,17,0.0756
Aurora,EC2,17,0.1126
CloudFront,EC2,17,0.1097
Fargate,Lambda,17,0.0806
DynamoDB,StepFunctions,17,0.1206
RDS,SQS,16,0.1333
EKS,RDS,16,0.1468
ELB,Lambda,16,0.0724
EC2,ElastiCache,16,0.1096
ElastiCache,S3,16,0.065
Cognito,Lambda,16,0.0773
CloudFront,DynamoDB,16,0.1151
ELB,S3,16,0.0648
ApiGateway,RDS,15,0.1034
Cognito,S3,15,0.0641
DynamoDB,RDS,15,0.0893
Fargate,S3,14,0.0583
ApiGateway,SNS,14,0.1138
ALB,EC2,14,0.094
CloudWatch,EC2,14,0.0903
EKS,Lambda,14,0.0567
ElastiCache,Lambda,14,0.0631
Athena,Firehose,14,0.2414
SNS,SQS,14,0.1414
ApiGateway,CloudFront,13,0.1092
ALB,Lambda,13,0.058
DynamoDB,EKS,13,0.0828
EC2,SNS,13,0.0793
EventBridge,Lambda,13,0.0622
ElastiCache,RDS,13,0.1494
ALB,ECS,12,0.1818
Lambda,RedShift,12,0.0541
ApiGateway,Kinesis,12,0.1034
Athena,Kinesis,12,0.1791
IoTCore,Lambda,12,0.0583
Athena,EC2,12,0.0745
ELB,RDS,12,0.1348
ALB,S3,11,0.0437
ApiGateway,SageMaker,11,0.0924
Aurora,EKS,11,0.1341
EC2,OpenSearch,11,0.0719
ECR,S3,11,0.0462
Cognito,DynamoDB,11,0.0909
QuickSight,S3,11,0.0468
DynamoDB,Firehose,11,0.0827
DynamoDB,OpenSearch,11,0.0809
ApiGateway,CloudWatch,10,0.084
ApiGateway,Fargate,10,0.0962
CloudFront,RDS,10,0.1
CloudFront,WAF,10,0.2174
S3,WAF,10,0.0424
Lambda,Route53,10,0.0467
CloudWatch,DynamoDB,10,0.0704
ApiGateway,Athena,10,0.0813
ALB,EKS,10,0.1282
DynamoDB,ELB,10,0.0735
EC2,ECR,10,0.0719
Athena,RedShift,10,0.1639
Comprehend,S3,10,0.0427
Athena,DynamoDB,10,0.0685
CloudFront,LambdaAtEdge,10,0.2439
CloudFormation,S3,10,0.0418
DynamoDB,SageMaker,10,0.0699
ApiGateway,Cognito,10,0.101
ECS,SQS,9,0.0865
ALB,DynamoDB,9,0.0657
EC2,EMR,9,0.0608
MSK,S3,9,0.0385
ApiGateway,Aurora,9,0.0756
Glue,SageMaker,9,0.1406
SageMaker,StepFunctions,9,0.1216
EC2,Route53,9,0.0638
EC2,SageMaker,9,0.0559
Aurora,ElastiCache,9,0.1525
CloudFront,EKS,9,0.1023
CloudFront,ElastiCache,9,0.1429
EC2,WAF,9,0.0657
EC2,Kinesis,9,0.0566
EC2,Fargate,9,0.0621
Athena,RDS,9,0.0882
KMS,S3,9,0.0386
DMS,S3,9,0.0388
S3,Transcribe,9,0.039
AppSync,Lambda,9,0.0439
Glue,Kinesis,9,0.1452
Kinesis,OpenSearch,9,0.1475
ApiGateway,ElastiCache,9,0.0796
Lambda,Rekognition,9,0.0435
RedShift,SageMaker,9,0.1525
ECS,RDS,8,0.0748
Fargate,RDS,8,0.0952
ALB,RDS,8,0.086
ALB,SQS,8,0.0879
EKS,SQS,8,0.0696
EC2,RedShift,8,0.0526
EKS,ElastiCache,8,0.1013
EKS,Route53,8,0.1194
EMR,RDS,8,0.092
Glue,RDS,8,0.0842
CloudWatch,StepFunctions,8,0.1081
RDS,RedShift,8,0.0889
LambdaAtEdge,S3,8,0.0343
EMR,RedShift,8,0.1702
Comprehend,Lambda,8,0.0381
ALB,ElastiCache,8,0.1455
ECS,SNS,8,0.0952
RDS,SNS,8,0.0748
EventBridge,S3,8,0.0333
ELB,ElastiCache,8,0.1455
Rekognition,S3,8,0.0342
EC2,Glue,8,0.051
ApiGateway,OpenSearch,8,0.069
EKS,ELB,8,0.1
Glue,RedShift,8,0.1455
DirectConnect,EC2,8,0.0606
DirectConnect,S3,8,0.0345
DynamoDB,IoTCore,8,0.0672
CloudWatch,RDS,7,0.07
CloudFront,Firehose,7,0.1094
CloudFront,Route53,7,0.1321
Route53,S3,7,0.0288
Athena,SageMaker,7,0.0946
Aurora,Glue,7,0.1094
Glue,StepFunctions,7,0.0986
ECR,Lambda,7,0.0324
Kinesis,SQS,7,0.0722
EC2,VPC,7,0.0522
Lambda,QuickSight,7,0.0329
EC2,KMS,7,0.0519
KMS,Lambda,7,0.0335
IoTCore,S3,7,0.0295
DynamoDB,Glue,7,0.0496
Firehose,Glue,7,0.1228
Athena,EMR,7,0.1148
AppSync,DynamoDB,7,0.0603
AppSync,S3,7,0.03
ApiGateway,ELB,7,0.0603
CloudFront,ELB,7,0.1061
Aurora,SQS,7,0.0722
ElastiCache,SQS,7,0.0769
SNS,StepFunctions,7,0.0843
Rekognition,StepFunctions,7,0.1458
RDS,Route53,7,0.0864
CloudFormation,Lambda,7,0.0324
SQS,StepFunctions,7,0.0673
CloudFront,SQS,6,0.0588
CloudWatch,Fargate,6,0.1091
CloudWatch,SQS,6,0.0606
Fargate,SQS,6,0.0714
ApiGateway,Firehose,6,0.0522
ApiGateway,Route53,6,0.0577
ALB,CloudWatch,6,0.0938
EMR,Lambda,6,0.0267
ApiGateway,Glue,6,0.0504
Athena,StepFunctions,6,0.075
CloudFormation,EC2,6,0.042
EC2,IAM,6,0.0441
EKS,SageMaker,6,0.0674
CloudTrail,EC2,6,0.0451
EC2,Firehose,6,0.0387
Aurora,CloudFront,6,0.0833
EKS,RedShift,6,0.0759
Lambda,WAF,6,0.028
EMR,SQS,6,0.069
IAM,S3,6,0.0254
ALB,ApiGateway,6,0.0513
ECR,ECS,6,0.1034
Athena,OpenSearch,6,0.087
Athena,QuickSight,6,0.1176
Firehose,Kinesis,6,0.0984
ALB,Route53,6,0.1333
Aurora,ECS,6,0.0779
Lambda,LambdaAtEdge,6,0.0287
CloudWatch,EKS,6,0.0682
CloudWatch,SNS,6,0.0769
Aurora,DynamoDB,6,0.0414
EventBridge,StepFunctions,6,0.1091
Comprehend,DynamoDB,6,0.0496
DynamoDB,Rekognition,6,0.0504
ECS,SageMaker,6,0.0759
GuardDuty,Lambda,6,0.029
Comprehend,Transcribe,6,0.375
Glue,SQS,6,0.0632
EKS,MSK,6,0.0968
DynamoDB,RedShift,6,0.0438
Connect,Lambda,6,0.0291
ECS,ElastiCache,6,0.0845
Cognito,EC2,6,0.042
ApiGateway,EKS,6,0.0426
ECR,EKS,6,0.0882
ApiGateway,WAF,5,0.0495
CloudFront,CloudWatch,5,0.0676
CloudWatch,ECS,5,0.0633
EMR,MSK,5,0.1515
Athena,Aurora,5,0.0676
DynamoDB,Route53,5,0.0391
ELB,Route53,5,0.1087
CloudTrail,S3,5,0.0214
CloudWatch,OpenSearch,5,0.0758
EFS,S3,5,0.0216
ECR,SageMaker,5,0.0962
QuickSight,RedShift,5,0.1282
RedShift,StepFunctions,5,0.0735
Kinesis,RDS,5,0.0495
ALB,Aurora,5,0.0781
OpenSearch,RDS,5,0.0515
Kinesis,SageMaker,5,0.0704
QuickSight,SageMaker,5,0.102
Athena,CloudFront,5,0.0641
CloudFront,Glue,5,0.0714
DynamoDB,LambdaAtEdge,5,0.042
DynamoDB,Lex,5,0.0435
Lambda,Lex,5,0.0243
Lambda,Transcribe,5,0.0239
Comprehend,OpenSearch,5,0.122
Lambda,Neptune,5,0.0242
OpenSearch,SageMaker,5,0.0746
DMS,Lambda,5,0.0238
KinesisAnalytics,Lambda,5,0.0244
EKS,SNS,5,0.0515
Aurora,Kinesis,5,0.0725
DynamoDB,ElastiCache,5,0.0357
OpenSearch,SNS,5,0.0676
EC2,StepFunctions,5,0.0294
MediaConvert,S3,5,0.0216
CodePipeline,Lambda,5,0.0242
EventBridge,SQS,5,0.0633
EMR,Kinesis,5,0.0862
EMR,SageMaker,5,0.0833
EBS,EC2,5,0.0376
EBS,Lambda,5,0.0242
EC2,NLB,5,0.0376
Lambda,Pinpoint,5,0.0244
Athena,EKS,5,0.0538
ElastiCache,Fargate,5,0.102
DynamoDB,Fargate,5,0.0379
KinesisDataStream,Lambda,5,0.0243
S3,VPC,5,0.0212
ECS,Kinesis,5,0.0641
Connect,DynamoDB,5,0.0431
EKS,TransitGateway,5,0.0893
CloudFront,ECS,4,0.0482
ECS,Fargate,4,0.0615
RDS,WAF,4,0.05
EC2,MSK,4,0.0288
Lambda,MSK,4,0.0188
Aurora,SageMaker,4,0.0556
Aurora,StepFunctions,4,0.0519
CloudFormation,EKS,4,0.0571
Aurora,OpenSearch,4,0.0606
EC2,EFS,4,0.0301
EFS,Lambda,4,0.0193
ElastiCache,Route53,4,0.087
ElastiCache,WAF,4,0.0952
S3,VPN,4,0.0172
ECR,RDS,4,0.0482
IAM,Lambda,4,0.0189
IAM,RDS,4,0.0526
ALB,ECR,4,0.087
Firehose,QuickSight,4,0.0976
Firehose,RedShift,4,0.0727
OpenSearch,StepFunctions,4,0.0548
QuickSight,StepFunctions,4,0.0727
Firehose,RDS,4,0.0421
Kinesis,RedShift,4,0.0645
Glue,QuickSight,4,0.0889
Kinesis,QuickSight,4,0.0833
CloudFront,Cognito,4,0.0727
Athena,DMS,4,0.0833
DMS,RedShift,4,0.1143
ApiGateway,RedShift,4,0.0345
Comprehend,SageMaker,4,0.0833
AppSync,Cognito,4,0.1739
DMS,Glue,4,0.1
CloudFormation,ServiceCatalog,4,0.2
S3,ServiceCatalog,4,0.0172
ALB,CloudFront,4,0.058
SQS,SageMaker,4,0.0392
Glue,OpenSearch,4,0.0635
DynamoDB,Neptune,4,0.0342
Lambda,Textract,4,0.0195
S3,Textract,4,0.0173
Fargate,SNS,4,0.0615
ELB,WAF,4,0.093
Kinesis,SNS,4,0.0506
DynamoDB,MediaConvert,4,0.0348
ECS,StepFunctions,4,0.0465
EKS,Glue,4,0.0465
EC2,PrivateLink,4,0.0301
PrivateLink,S3,4,0.0172
CloudFormation,CodePipeline,4,0.1905
GuardDuty,SecurityHub,4,0.5
Kinesis,StepFunctions,4,0.0519
CloudWatch,SageMaker,4,0.0548
EBS,S3,4,0.0171
ApiGateway,EventBridge,4,0.0385
Connect,S3,4,0.0171
EC2,SystemsManager,4,0.0303
Lambda,SystemsManager,4,0.0194
ApiGateway,Rekognition,4,0.0408
Amplify,Lambda,4,0.0195
CodeBuild,CodePipeline,4,0.5714
Fargate,OpenSearch,4,0.0769
EMR,OpenSearch,4,0.0727
MSK,RDS,4,0.0519
BeanStalk,S3,4,0.0173
RedShift,SQS,4,0.0435
Cognito,IoTCore,4,0.1481
Neptune,S3,4,0.0171
ApiGateway,IoTCore,4,0.04
ECS,Firehose,4,0.0556
EC2,FSX,4,0.0301
KMS,SQS,4,0.0541
ApiGateway,CloudFormation,4,0.0381
EKS,NLB,4,0.0678
EKS,EMR,4,0.0513
SQS,WAF,3,0.038
CloudFront,SNS,3,0.0357
Route53,SNS,3,0.0484
CloudFormation,IAM,3,0.1154
CloudFormation,SageMaker,3,0.0556
EKS,IAM,3,0.0469
IAM,SageMaker,3,0.0638
CloudTrail,Lambda,3,0.0143
CloudTrail,OpenSearch,3,0.0789
CloudWatch,Firehose,3,0.0462
Firehose,OpenSearch,3,0.05
Aurora,EFS,3,0.075
Aurora,RedShift,3,0.0476
Aurora,Route53,3,0.0566
CloudFront,OpenSearch,3,0.0423
EC2,VPN,3,0.0224
EKS,OpenSearch,3,0.0349
EKS,WAF,3,0.0441
ElastiCache,OpenSearch,3,0.0492
Lambda,VPN,3,0.0144
OpenSearch,Route53,3,0.0612
Route53,WAF,3,0.0968
RDS,SageMaker,3,0.0286
ALB,VPC,3,0.0769
EC2,ServiceCatalog,3,0.0224
CloudWatch,RedShift,3,0.0469
Firehose,StepFunctions,3,0.0423
OpenSearch,QuickSight,3,0.0667
Aurora,DMS,3,0.0682
Batch,EC2,3,0.0227
Batch,Lambda,3,0.0146
Batch,S3,3,0.0129
DynamoDB,KMS,3,0.0246
ApiGateway,LambdaAtEdge,3,0.0306
Athena,LambdaAtEdge,3,0.0612
Firehose,LambdaAtEdge,3,0.0811
DMS,EMR,3,0.0909
DynamoDB,Transcribe,3,0.025
DynamoDB,Translate,3,0.0263
Lambda,Translate,3,0.0146
S3,Translate,3,0.013
Neptune,OpenSearch,3,0.0811
DMS,StepFunctions,3,0.0588
LakeFormation,S3,3,0.013
FSX,S3,3,0.0128
EKS,VPC,3,0.0476
KinesisAnalytics,S3,3,0.0129
DynamoDB,KinesisDataStream,3,0.0256
EventBridge,SageMaker,3,0.0566
ApiGateway,ECR,3,0.0283
ECR,SNS,3,0.0492
Fargate,StepFunctions,3,0.0469
EC2,LambdaAtEdge,3,0.0217
LambdaAtEdge,WAF,3,0.1364
RDS,StepFunctions,3,0.0273
Aurora,EMR,3,0.05
ALB,SNS,3,0.04
Athena,SNS,3,0.0353
NLB,RDS,3,0.0411
Comprehend,EC2,3,0.0213
EC2,VPCPeering,3,0.0229
Athena,WAF,3,0.0556
Comprehend,StepFunctions,3,0.0556
MediaConvert,StepFunctions,3,0.0652
Rekognition,Transcribe,3,0.1765
StepFunctions,Transcribe,3,0.06
CloudFormation,CodeCommit,3,0.1579
CodeCommit,CodePipeline,3,0.375
GuardDuty,Inspector,3,0.375
DirectConnect,RDS,3,0.04
S3,StorageGateway,3,0.013
ECS,ELB,3,0.04
Aurora,Firehose,3,0.0469
ApiGateway,Pinpoint,3,0.0323
MediaPackage,S3,3,0.013
KMS,RDS,3,0.039
EKS,Firehose,3,0.0361
DynamoDB,QuickSight,3,0.0238
IoTCore,RDS,3,0.038
Fargate,Kinesis,3,0.0526
DynamoDB,KinesisAnalytics,3,0.0259
EC2,IoTCore,3,0.0213
KinesisDataStream,S3,3,0.0128
Amplify,S3,3,0.0129
ApiGateway,CodePipeline,3,0.0316
DynamoDB,EventBridge,3,0.0234
CloudWatch,ELB,3,0.0448
SNS,SageMaker,3,0.0366
Route53,SQS,3,0.0361
Lambda,SecurityHub,3,0.0146
Athena,CloudTrail,3,0.0638
DynamoDB,Textract,3,0.0261
ALB,WAF,3,0.0682
Pinpoint,S3,3,0.0129
Athena,SQS,3,0.0283
CloudFormation,CodeBuild,3,0.1579
BeanStalk,SQS,3,0.0441
ELB,SQS,3,0.0312
ALB,SageMaker,3,0.0441
Connect,Lex,3,0.3
CloudWatch,ElastiCache,3,0.0455
ApiGateway,Neptune,3,0.0316
Amplify,ApiGateway,3,0.0326
Neptune,StepFunctions,3,0.0625
MSK,OpenSearch,3,0.0714
EMR,Glue,3,0.0526
DirectConnect,Lambda,3,0.0142
EKS,FSX,3,0.0508
DMS,DynamoDB,3,0.0248
Cognito,RDS,3,0.0357
KMS,SNS,3,0.0556
CodePipeline,S3,3,0.0128
DynamoDB,EMR,3,0.0219
ApiGateway,Comprehend,3,0.0297
CloudFormation,RDS,3,0.0357
Lambda,PrivateLink,3,0.0144
CloudFormation,SQS,3,0.0366
CloudFormation,RedShift,3,0.0682
ShieldAdvanced,WAF,3,0.2
ECS,EMR,3,0.0435
GuardDuty,S3,3,0.0127
Aurora,Fargate,3,0.0526
CloudFront,Fargate,2,0.0323
CloudWatch,WAF,2,0.0392
Fargate,WAF,2,0.0556
Firehose,SNS,2,0.027
CloudTrail,Firehose,2,0.0556
Aurora,VPN,2,0.0488
CloudFront,RedShift,2,0.0294
CloudFront,VPN,2,0.0444
EFS,EKS,2,0.0333
EFS,ElastiCache,2,0.0571
EFS,OpenSearch,2,0.0541
EFS,RedShift,2,0.0606
EKS,VPN,2,0.0333
ElastiCache,RedShift,2,0.0345
OpenSearch,RedShift,2,0.0333
RedShift,Route53,2,0.0435
RedShift,VPN,2,0.0606
VPN,WAF,2,0.1053
CloudWatch,EMR,2,0.0323
ECR,IAM,2,0.0741
Glue,IAM,2,0.0465
ALB,Kinesis,2,0.0299
ECR,VPC,2,0.0769
ECS,VPC,2,0.037
AutoScaling,EC2,2,0.015
AutoScaling,IAM,2,0.1538
IAM,VPC,2,0.1053
Route53,VPC,2,0.0741
CloudFront,SageMaker,2,0.0256
Macie,S3,2,0.0087
AlexaForBusiness,DynamoDB,2,0.0175
AlexaForBusiness,Lambda,2,0.0098
AlexaForBusiness,RDS,2,0.029
AmazonMQ,ECS,2,0.0426
ECS,Route53,2,0.0317
RDS,SES,2,0.0286
S3,SES,2,0.0086
IoTAnalytics,IoTCore,2,0.1538
IoTAnalytics,Lambda,2,0.0098
IoTAnalytics,QuickSight,2,0.1333
IoTCore,Kinesis,2,0.0417
IoTCore,QuickSight,2,0.0769
IoTCore,SageMaker,2,0.04
Athena,Comprehend,2,0.0377
CloudFront,Comprehend,2,0.0385
Cognito,Comprehend,2,0.069
Glue,LambdaAtEdge,2,0.0476
LambdaAtEdge,RDS,2,0.026
ApiGateway,EMR,2,0.0174
DynamoDB,MediaConnect,2,0.0175
Lex,S3,2,0.0085
MediaConnect,S3,2,0.0087
Polly,S3,2,0.0087
Polly,Transcribe,2,0.2222
Transcribe,Translate,2,0.2
Neptune,SageMaker,2,0.0455
AppSync,SNS,2,0.0377
Cognito,SNS,2,0.0323
Glue,LakeFormation,2,0.0571
CloudFormation,FSX,2,0.0909
ALB,LambdaAtEdge,2,0.05
ELB,LambdaAtEdge,2,0.05
SQS,VPC,2,0.0267
SNS,WAF,2,0.0339
Athena,KinesisAnalytics,2,0.0444
CloudFront,KinesisAnalytics,2,0.0455
Firehose,KinesisAnalytics,2,0.0606
CloudWatch,KinesisDataStream,2,0.0476
SageMaker,Textract,2,0.0488
Comprehend,Lex,2,0.1176
Comprehend,SNS,2,0.0351
Lex,OpenSearch,2,0.0541
Lex,SNS,2,0.04
CloudFormation,StepFunctions,2,0.0333
CloudTrail,EventBridge,2,0.087
CloudTrail,IAM,2,0.1176
EventBridge,IAM,2,0.0769
CloudWatch,ECR,2,0.037
Rekognition,SNS,2,0.0364
EC2,EventBridge,2,0.0137
Lambda,SecretsManager,2,0.0098
GuardDuty,SNS,2,0.0385
Aurora,MSK,2,0.0426
MSK,RedShift,2,0.0513
ALB,Athena,2,0.0278
ALB,Glue,2,0.0312
Glue,SNS,2,0.0256
ElastiCache,NLB,2,0.0556
Comprehend,RDS,2,0.025
EC2,Transcribe,2,0.0145
RDS,VPCPeering,2,0.0286
S3,VPCPeering,2,0.0086
CloudFront,QuickSight,2,0.037
EC2,QuickSight,2,0.0139
Firehose,WAF,2,0.0465
Comprehend,MediaConvert,2,0.125
Comprehend,Rekognition,2,0.0909
EC2,MediaConvert,2,0.0149
EKS,StepFunctions,2,0.0204
MediaConvert,Rekognition,2,0.1429
MediaConvert,Transcribe,2,0.1667
ELB,RedShift,2,0.0339
ElastiCache,Glue,2,0.0317
Glue,Route53,2,0.0392
Aurora,DirectConnect,2,0.0455
DirectConnect,PrivateLink,2,0.1538
CodeCommit,Lambda,2,0.0097
Lambda,ServiceCatalog,2,0.0096
GuardDuty,StepFunctions,2,0.04
Inspector,SecurityHub,2,0.4
SecurityHub,StepFunctions,2,0.0435
Lambda,WorkSpaces,2,0.0098
S3,WorkSpaces,2,0.0087
StepFunctions,WorkSpaces,2,0.0455
DMS,SQS,2,0.0267
DMS,Kinesis,2,0.0444
EMR,QuickSight,2,0.0513
EMR,StepFunctions,2,0.0294
DirectConnect,StorageGateway,2,0.2
EC2,StorageGateway,2,0.0152
RDS,StorageGateway,2,0.0286
EBS,ELB,2,0.0541
Aurora,NLB,2,0.0476
NLB,S3,2,0.0085
ApiGateway,DataPipeline,2,0.022
DataPipeline,DynamoDB,2,0.0175
DataPipeline,EC2,2,0.0153
DataPipeline,Lambda,2,0.0098
DynamoDB,WAF,2,0.0157
EventBridge,Pinpoint,2,0.1
ECS,MSK,2,0.0357
MSK,SageMaker,2,0.0408
CodeCommit,S3,2,0.0086
Firehose,SageMaker,2,0.0299
CloudFront,StepFunctions,2,0.0241
CloudFront,MediaLive,2,0.0488
CloudFront,MediaPackage,2,0.0476
DynamoDB,MediaPackage,2,0.0174
MediaConvert,MediaPackage,2,0.3333
MediaLive,MediaPackage,2,0.6667
MediaLive,S3,2,0.0087
IoTCore,OpenSearch,2,0.0455
QuickSight,RDS,2,0.0244
OpenSearch,Transcribe,2,0.05
Aurora,ELB,2,0.0299
Athena,ElastiCache,2,0.0282
Athena,Fargate,2,0.0317
ElastiCache,Kinesis,2,0.0303
ElastiCache,SNS,2,0.0267
Fargate,Route53,2,0.05
PrivateLink,SNS,2,0.04
S3,TransferFamily,2,0.0087
ApiGateway,KinesisAnalytics,2,0.0213
Fargate,KinesisAnalytics,2,0.0769
Athena,IoTCore,2,0.0377
IoTCore,KinesisAnalytics,2,0.125
DynamoDB,EFS,2,0.0169
OpenSearch,SQS,2,0.0204
ApiGateway,CodeBuild,2,0.0215
CodeBuild,ECR,2,0.1
CodeBuild,Lambda,2,0.0097
CodePipeline,ECR,2,0.087
CodePipeline,DynamoDB,2,0.0168
CodePipeline,EventBridge,2,0.0909
ControlTower,DynamoDB,2,0.0171
ControlTower,Lambda,2,0.0096
Lambda,Timestream,2,0.0098
AppSync,Kinesis,2,0.0455
Aurora,EventBridge,2,0.0385
EventBridge,SNS,2,0.0328
AWSConfig,EventBridge,2,0.1111
AWSConfig,GuardDuty,2,0.2222
AWSConfig,Lambda,2,0.0097
AWSConfig,SecurityHub,2,0.4
CloudTrail,GuardDuty,2,0.1429
EventBridge,GuardDuty,2,0.087
EventBridge,SecurityHub,2,0.1053
Inspector,Lambda,2,0.0097
Athena,VPC,2,0.04
CloudTrail,EMR,2,0.0625
EMR,VPC,2,0.0588
SageMaker,VPC,2,0.0426
ApiGateway,ControlTower,2,0.0213
AppSync,CloudFront,2,0.0417
CloudFront,Kinesis,2,0.0263
Comprehend,Textract,2,0.1333
ElastiCache,MSK,2,0.0488
Aurora,Cognito,2,0.0377
Cognito,Pinpoint,2,0.0952
DocumentDB,ElastiCache,2,0.0645
DocumentDB,Lambda,2,0.0098
ALB,CloudFormation,2,0.0417
CloudFormation,ECS,2,0.0323
CodeBuild,CodeCommit,2,0.3333
BeanStalk,RDS,2,0.0282
CloudHSM,DynamoDB,2,0.0175
CloudHSM,Lambda,2,0.0098
CloudHSM,SNS,2,0.0435
IoTCore,SNS,2,0.0351
AutoScaling,Lambda,2,0.0097
Cognito,Firehose,2,0.0435
Firehose,IoTCore,2,0.0488
ELB,SNS,2,0.0263
Amplify,Cognito,2,0.1
Neptune,SQS,2,0.0278
ApiGateway,MSK,2,0.0198
ELB,MSK,2,0.0476
ELB,OpenSearch,2,0.0317
ApiGateway,Chime,2,0.022
Chime,DynamoDB,2,0.0175
Chime,Lambda,2,0.0098
Chime,S3,2,0.0087
ALB,Firehose,2,0.0333
ECR,ElastiCache,2,0.0426
EventBridge,Fargate,2,0.0526
Lambda,StorageGateway,2,0.0097
FSX,RDS,2,0.0274
SQS,VPN,2,0.0282
Connect,Firehose,2,0.0571
EventBridge,KMS,2,0.0769
ApiGateway,Textract,2,0.0215
KinesisDataStream,SNS,2,0.04
AmazonMQ,RDS,2,0.0286
Cognito,SQS,2,0.0241
ApiGateway,QuickSight,2,0.0192
Aurora,KMS,2,0.0435
DMS,EC2,2,0.0144
DMS,RDS,2,0.026
EBS,IAM,2,0.125
EBS,KMS,2,0.125
IAM,SQS,2,0.0263
CloudFormation,SystemsManager,2,0.0952
FSX,Lambda,2,0.0096
ApiGateway,Organizations,2,0.022
ControlTower,S3,2,0.0085
Lambda,Organizations,2,0.0098
ApiGateway,TransitGateway,2,0.0213
DynamoDB,PrivateLink,2,0.0169
DynamoDB,TransitGateway,2,0.0171
EKS,PrivateLink,2,0.0333
Lambda,TransitGateway,2,0.0096
PrivateLink,TransitGateway,2,0.2222
ALB,Fargate,2,0.0377
ECS,EKS,2,0.02
Athena,MSK,2,0.0385
RDS,VPC,2,0.026
EBS,SNS,2,0.0392
Athena,CloudFormation,2,0.0345
Athena,LakeFormation,2,0.0465
LakeFormation,SageMaker,2,0.05
SageMaker,ServiceCatalog,2,0.0465
ApiGateway,SystemsManager,2,0.0213
DirectConnect,EKS,2,0.0317
DirectConnect,VPC,2,0.1176
RDS,TransitGateway,2,0.0278
S3,TransitGateway,2,0.0085
CloudFront,ShieldAdvanced,2,0.0476
S3,ShieldAdvanced,2,0.0086
Athena,ECS,2,0.0233
ApiGateway,Greengrass,2,0.022
Cognito,Greengrass,2,0.1111
Greengrass,IoTCore,2,0.1538
Greengrass,Lambda,2,0.0098
Comprehend,Connect,2,0.1111
Connect,Transcribe,2,0.1429
Firehose,Transcribe,2,0.0541
DirectConnect,DynamoDB,2,0.0165
ELB,ShieldAdvanced,2,0.0606
Comprehend,Translate,2,0.1429
CloudFormation,Glue,2,0.04
CodeBuild,S3,2,0.0086
DynamoDB,EBS,2,0.0168
ELB,Kinesis,2,0.0299
ELB,VPCPeering,2,0.0606
EBS,EKS,2,0.0328
Aurora,QuickSight,2,0.04
ControlTower,EKS,2,0.0339
ControlTower,TransitGateway,2,0.25
Lambda,MediaConvert,2,0.0096
EC2,GuardDuty,2,0.0146
GuardDuty,SQS,2,0.0274
CloudTrail,SNS,2,0.0385
CloudTrail,SQS,2,0.0274
DynamoDB,IAM,2,0.0163
ApiGateway,KMS,2,0.02
ECS,WAF,1,0.0167
Firehose,Route53,1,0.0208
ALB,RAM,1,0.0312
EKS,RAM,1,0.0179
RAM,RDS,1,0.0145
RAM,SQS,1,0.0149
Aurora,CloudFormation,1,0.0185
Aurora,IAM,1,0.0213
CloudTrail,CloudWatch,1,0.0222
Aurora,WAF,1,0.0196
CloudFront,EFS,1,0.0217
EFS,Route53,1,0.0417
EFS,VPN,1,0.0909
EFS,WAF,1,0.05
ElastiCache,VPN,1,0.0278
OpenSearch,VPN,1,0.0263
OpenSearch,WAF,1,0.0213
RedShift,WAF,1,0.0233
Route53,VPN,1,0.0417
ECR,Glue,1,0.0196
ACM,ALB,1,0.0312
ACM,EC2,1,0.0076
ACM,ECR,1,0.0556
ACM,ECS,1,0.0217
ACM,ServiceCatalog,1,0.1667
ACM,VPC,1,0.1
ALB,ServiceCatalog,1,0.027
ECR,ServiceCatalog,1,0.0435
ECS,ServiceCatalog,1,0.0196
ServiceCatalog,VPC,1,0.0667
CloudWatch,Cognito,1,0.0182
Athena,CloudWatch,1,0.0127
CloudWatch,QuickSight,1,0.0192
ApiGateway,AutoScaling,1,0.0106
ApiGateway,IAM,1,0.0099
ApiGateway,VPC,1,0.01
AutoScaling,Route53,1,0.0455
AutoScaling,VPC,1,0.0769
IAM,Route53,1,0.0345
Athena,Macie,1,0.0233
Glue,Macie,1,0.0286
Macie,QuickSight,1,0.0625
AlexaForBusiness,S3,1,0.0043
ALB,AmazonMQ,1,0.0294
ALB,DMS,1,0.0244
AmazonMQ,Aurora,1,0.0256
AmazonMQ,DMS,1,0.0833
AmazonMQ,Route53,1,0.0476
DMS,ECS,1,0.0182
DMS,Route53,1,0.0357
Lambda,SES,1,0.0048
OpenSearch,SES,1,0.0286
Batch,DynamoDB,1,0.0085
Batch,KMS,1,0.0714
IoTAnalytics,Kinesis,1,0.0263
IoTAnalytics,S3,1,0.0043
IoTAnalytics,SageMaker,1,0.025
Athena,Cognito,1,0.0169
Cognito,Glue,1,0.0196
Comprehend,Glue,1,0.0217
DynamoDB,Polly,1,0.0087
Lambda,MediaConnect,1,0.0049
Lambda,Polly,1,0.0049
Lex,MediaConnect,1,0.1429
Lex,Polly,1,0.1429
Lex,Transcribe,1,0.0714
Lex,Translate,1,0.125
MediaConnect,Polly,1,0.3333
MediaConnect,Transcribe,1,0.1
MediaConnect,Translate,1,0.25
Polly,Translate,1,0.25
VPC,VPN,1,0.0667
Comprehend,Neptune,1,0.0526
ApiGateway,DMS,1,0.01
ApiGateway,LakeFormation,1,0.0108
Aurora,LakeFormation,1,0.0256
DMS,LakeFormation,1,0.0833
LakeFormation,Lambda,1,0.0048
LakeFormation,StepFunctions,1,0.0217
FSX,ServiceCatalog,1,0.0909
ALB,ELB,1,0.0159
Aurora,VPC,1,0.0217
ElastiCache,VPC,1,0.025
AWSConfig,CloudFront,1,0.0233
AWSConfig,S3,1,0.0043
AWSConfig,SNS,1,0.0208
AWSConfig,WAF,1,0.0588
Glue,KinesisAnalytics,1,0.0263
KinesisAnalytics,LambdaAtEdge,1,0.0714
CloudWatch,Neptune,1,0.0227
KinesisDataStream,Neptune,1,0.0833
KinesisDataStream,OpenSearch,1,0.0263
EventBridge,Textract,1,0.05
StepFunctions,Textract,1,0.0213
CloudFormation,CloudTrail,1,0.04
CloudFormation,EventBridge,1,0.0294
CloudFormation,QuickSight,1,0.0312
CloudTrail,QuickSight,1,0.0455
CloudTrail,StepFunctions,1,0.0196
EventBridge,QuickSight,1,0.0323
IAM,QuickSight,1,0.04
IAM,StepFunctions,1,0.0185
ECR,Fargate,1,0.025
ECR,StepFunctions,1,0.0164
ElastiCache,LambdaAtEdge,1,0.025
AmazonML,DynamoDB,1,0.0088
AmazonML,Lambda,1,0.0049
AmazonML,RDS,1,0.0145
AmazonML,Rekognition,1,0.0909
AmazonML,S3,1,0.0043
AmazonML,SNS,1,0.0217
AmazonML,StepFunctions,1,0.0227
RDS,Rekognition,1,0.0127
ALB,EventBridge,1,0.0208
EKS,EventBridge,1,0.0139
ECR,SecretsManager,1,0.0526
ECS,SecretsManager,1,0.0213
S3,SecretsManager,1,0.0043
SageMaker,SecretsManager,1,0.025
Lambda,NLB,1,0.0047
ALB,GuardDuty,1,0.0256
Comprehend,Polly,1,0.0714
Comprehend,VPCPeering,1,0.0667
EC2,Polly,1,0.0076
Polly,RDS,1,0.0143
Polly,VPCPeering,1,0.25
RDS,Transcribe,1,0.013
Transcribe,VPCPeering,1,0.0909
LambdaAtEdge,QuickSight,1,0.0417
QuickSight,WAF,1,0.0345
Comprehend,EKS,1,0.0147
EC2,Rekognition,1,0.0071
EKS,MediaConvert,1,0.0167
EKS,Rekognition,1,0.0152
EKS,Transcribe,1,0.0156
ELB,Glue,1,0.0154
Aurora,Batch,1,0.025
Aurora,PrivateLink,1,0.0238
Batch,DirectConnect,1,0.0833
Batch,EFS,1,0.1111
Batch,ElastiCache,1,0.0294
Batch,PrivateLink,1,0.1111
DirectConnect,EFS,1,0.0714
DirectConnect,ElastiCache,1,0.0256
EFS,PrivateLink,1,0.0909
ElastiCache,PrivateLink,1,0.0278
CodeCommit,ServiceCatalog,1,0.1111
CodePipeline,ServiceCatalog,1,0.0833
CloudWatch,GuardDuty,1,0.0222
CloudWatch,Inspector,1,0.025
CloudWatch,SecurityHub,1,0.0244
Inspector,StepFunctions,1,0.0217
DeepLens,DynamoDB,1,0.0088
DeepLens,Lambda,1,0.0049
DeepLens,Rekognition,1,0.0909
DeepLens,S3,1,0.0043
DeepLens,StepFunctions,1,0.0227
DeepLens,WorkSpaces,1,0.5
DynamoDB,WorkSpaces,1,0.0087
Rekognition,WorkSpaces,1,0.0833
DMS,EventBridge,1,0.0385
EventBridge,Glue,1,0.02
DMS,QuickSight,1,0.0417
DMS,SageMaker,1,0.0208
CloudWatch,Glue,1,0.0141
DirectConnect,RedShift,1,0.027
RedShift,StorageGateway,1,0.0323
CloudTrail,STS,1,0.125
EC2,STS,1,0.0076
IAM,OpenSearch,1,0.0233
IAM,STS,1,0.0909
OpenSearch,STS,1,0.0303
EBS,ECS,1,0.0192
ElastiCache,Firehose,1,0.0167
Firehose,NLB,1,0.0278
Athena,DataPipeline,1,0.0233
DataPipeline,RDS,1,0.0143
DataPipeline,WAF,1,0.0625
Pinpoint,SQS,1,0.0141
ELB,Firehose,1,0.0164
ECR,SQS,1,0.0119
Aurora,Connect,1,0.0233
Connect,EMR,1,0.0312
Connect,RedShift,1,0.0286
ECR,MSK,1,0.0345
ApiGateway,CodeCommit,1,0.0106
CodeCommit,DynamoDB,1,0.0085
CodeCommit,Firehose,1,0.0303
CodeCommit,SageMaker,1,0.0238
CodeCommit,StepFunctions,1,0.0213
CloudFront,MediaConnect,1,0.0238
CloudFront,MediaConvert,1,0.0222
DynamoDB,MediaLive,1,0.0087
EC2,MediaConnect,1,0.0076
EC2,MediaLive,1,0.0076
EC2,MediaPackage,1,0.0075
LambdaAtEdge,MediaConnect,1,0.0909
LambdaAtEdge,MediaConvert,1,0.0714
LambdaAtEdge,MediaLive,1,0.0909
LambdaAtEdge,MediaPackage,1,0.0833
MediaConnect,MediaConvert,1,0.1667
MediaConnect,MediaLive,1,0.3333
MediaConnect,MediaPackage,1,0.25
MediaConvert,MediaLive,1,0.1667
CloudWatch,SystemsManager,1,0.0238
SNS,SystemsManager,1,0.02
DirectoryService,EC2,1,0.0076
DirectoryService,EMR,1,0.0385
DirectoryService,KMS,1,0.0909
DirectoryService,RDS,1,0.0145
DirectoryService,S3,1,0.0043
EMR,KMS,1,0.0278
AlexaForBusiness,IoTAnalytics,1,0.3333
AlexaForBusiness,IoTCore,1,0.0714
AlexaForBusiness,OpenSearch,1,0.0294
AlexaForBusiness,QuickSight,1,0.0625
DynamoDB,IoTAnalytics,1,0.0087
IoTAnalytics,OpenSearch,1,0.0294
IoTAnalytics,RDS,1,0.0143
Athena,Route53,1,0.0167
ElastiCache,StepFunctions,1,0.0135
Fargate,Glue,1,0.0179
Kinesis,Route53,1,0.0182
Route53,StepFunctions,1,0.0161
EC2,TransferFamily,1,0.0076
PrivateLink,TransferFamily,1,0.1429
SNS,TransferFamily,1,0.0213
ECS,KinesisAnalytics,1,0.02
ECS,Rekognition,1,0.0179
Fargate,Rekognition,1,0.0303
KinesisAnalytics,Rekognition,1,0.0667
KinesisAnalytics,SNS,1,0.02
KinesisAnalytics,StepFunctions,1,0.0208
Athena,KinesisDataStream,1,0.0213
EC2,KinesisAnalytics,1,0.0074
EC2,KinesisDataStream,1,0.0074
Fargate,IoTCore,1,0.0286
Fargate,KinesisDataStream,1,0.0357
IoTCore,KinesisDataStream,1,0.0556
KinesisAnalytics,KinesisDataStream,1,0.1
EFS,SNS,1,0.0196
EFS,SQS,1,0.0139
Amplify,AppSync,1,0.0833
Amplify,CloudWatch,1,0.0244
AppSync,CloudWatch,1,0.0217
AppDiscovery,DynamoDB,1,0.0088
AppDiscovery,EC2,1,0.0076
CodeBuild,SNS,1,0.0204
CodePipeline,SNS,1,0.0192
CodePipeline,ControlTower,1,0.0909
CodePipeline,Grafana,1,0.1429
CodePipeline,SystemsManager,1,0.0909
CodePipeline,Timestream,1,0.125
ControlTower,EventBridge,1,0.0476
ControlTower,Grafana,1,0.2
ControlTower,SystemsManager,1,0.1111
ControlTower,Timestream,1,0.1667
DynamoDB,Grafana,1,0.0088
DynamoDB,SystemsManager,1,0.0085
DynamoDB,Timestream,1,0.0087
EventBridge,Grafana,1,0.0588
EventBridge,SystemsManager,1,0.0476
EventBridge,Timestream,1,0.0556
Grafana,Lambda,1,0.0049
Grafana,SystemsManager,1,0.2
Grafana,Timestream,1,0.5
SystemsManager,Timestream,1,0.1667
AppSync,QuickSight,1,0.0435
Aurora,SNS,1,0.0122
ECS,EventBridge,1,0.0161
AWSConfig,CloudTrail,1,0.1
AWSConfig,Inspector,1,0.2
CloudTrail,Inspector,1,0.1
CloudTrail,SecurityHub,1,0.0909
EventBridge,Inspector,1,0.0526
CloudTrail,SageMaker,1,0.0217
CloudTrail,VPC,1,0.0588
OpenSearch,VPC,1,0.0238
DynamoDB,ECR,1,0.0076
ECR,Route53,1,0.0278
ApiGateway,SES,1,0.0108
ControlTower,SES,1,0.1429
ControlTower,StepFunctions,1,0.0208
DynamoDB,SES,1,0.0086
SES,StepFunctions,1,0.0217
AppSync,LambdaAtEdge,1,0.0556
Kinesis,LambdaAtEdge,1,0.0217
LambdaAtEdge,SNS,1,0.0182
Comprehend,SageMakerGroundTruth,1,0.0769
DynamoDB,SageMakerGroundTruth,1,0.0088
Lambda,SageMakerGroundTruth,1,0.0049
S3,SageMakerGroundTruth,1,0.0043
SageMaker,SageMakerGroundTruth,1,0.0256
SageMakerGroundTruth,Textract,1,0.25
ALB,MSK,1,0.0233
CloudFront,MSK,1,0.0192
MSK,WAF,1,0.0385
AppSync,Aurora,1,0.0222
AppSync,Pinpoint,1,0.0769
Aurora,Pinpoint,1,0.0244
CloudFront,Pinpoint,1,0.0222
DocumentDB,Kinesis,1,0.0263
DocumentDB,KinesisDataStream,1,0.1429
ElastiCache,KinesisDataStream,1,0.0278
Kinesis,KinesisDataStream,1,0.0238
Athena,EventBridge,1,0.0172
ALB,CodeBuild,1,0.0286
ALB,CodeCommit,1,0.0286
ALB,CodePipeline,1,0.0263
ALB,IAM,1,0.0238
CloudFormation,ECR,1,0.0286
CloudFormation,VPC,1,0.037
CodeBuild,ECS,1,0.0204
CodeBuild,IAM,1,0.0714
CodeBuild,VPC,1,0.0769
CodeCommit,ECR,1,0.0476
CodeCommit,ECS,1,0.0204
CodeCommit,IAM,1,0.0714
CodeCommit,VPC,1,0.0769
CodePipeline,ECS,1,0.0192
CodePipeline,IAM,1,0.0588
CodePipeline,VPC,1,0.0625
ECS,IAM,1,0.0179
ApiGateway,BeanStalk,1,0.0106
BeanStalk,ELB,1,0.0286
BeanStalk,ElastiCache,1,0.0294
BeanStalk,Lambda,1,0.0048
EFS,Glue,1,0.0256
EFS,SageMaker,1,0.0227
ALB,CloudHSM,1,0.0303
ALB,IoTCore,1,0.0227
CloudHSM,CloudWatch,1,0.0256
CloudHSM,EKS,1,0.0175
CloudHSM,IoTCore,1,0.0714
CloudHSM,S3,1,0.0043
CloudHSM,SageMaker,1,0.025
CloudWatch,IoTCore,1,0.02
EKS,IoTCore,1,0.0147
Connect,DevTools,1,0.1429
DevTools,DynamoDB,1,0.0088
DevTools,Lambda,1,0.0049
DevTools,Lex,1,0.1667
BeanStalk,DynamoDB,1,0.0085
BeanStalk,EC2,1,0.0075
BeanStalk,Kinesis,1,0.025
BeanStalk,RedShift,1,0.0312
ALB,AutoScaling,1,0.0286
Aurora,AutoScaling,1,0.025
Aurora,CloudWatch,1,0.0135
AutoScaling,CloudWatch,1,0.0244
AutoScaling,ECS,1,0.0204
AutoScaling,ElastiCache,1,0.0294
CloudFront,IoTCore,1,0.0189
Cognito,KinesisAnalytics,1,0.0455
ModelRegistry,SageMaker,1,0.0256
ApiGateway,KinesisVideo,1,0.011
Kinesis,KinesisVideo,1,0.027
Kinesis,Rekognition,1,0.0213
KinesisVideo,Lambda,1,0.0049
KinesisVideo,Rekognition,1,0.0909
EC2,Neptune,1,0.0073
ELB,Neptune,1,0.0263
Neptune,SNS,1,0.0192
Amplify,EC2,1,0.0075
Amplify,ECS,1,0.0204
Amplify,Pinpoint,1,0.125
Cognito,ECS,1,0.0159
EC2,Pinpoint,1,0.0074
ECS,Pinpoint,1,0.02
Glue,Neptune,1,0.025
AMI,EC2,1,0.0076
AMI,ECR,1,0.0556
AMI,EKS,1,0.0179
AMI,S3,1,0.0043
Chime,Fargate,1,0.0417
Chime,SQS,1,0.0147
IoTCore,Pinpoint,1,0.0588
AppSync,EKS,1,0.0156
AppSync,StepFunctions,1,0.0192
DynamoDB,XRay,1,0.0087
EC2,XRay,1,0.0076
ECS,XRay,1,0.0213
Kinesis,XRay,1,0.0263
ALB,RedShift,1,0.0167
ECR,WAF,1,0.0312
ApiGateway,Shield,1,0.011
CloudFront,Shield,1,0.0244
DynamoDB,Shield,1,0.0088
ECS,Shield,1,0.0217
Firehose,Shield,1,0.0333
Lambda,Shield,1,0.0049
S3,Shield,1,0.0043
AWSConfig,AccessAnalyzer,1,0.3333
AWSConfig,Fargate,1,0.04
AccessAnalyzer,EventBridge,1,0.0588
AccessAnalyzer,Fargate,1,0.0435
AccessAnalyzer,GuardDuty,1,0.125
AccessAnalyzer,Lambda,1,0.0049
AccessAnalyzer,SecurityHub,1,0.25
Fargate,GuardDuty,1,0.0333
Fargate,SecurityHub,1,0.0385
CloudWatch,StorageGateway,1,0.025
StepFunctions,StorageGateway,1,0.0217
DirectConnect,SQS,1,0.0133
SQS,StorageGateway,1,0.0145
Athena,FSX,1,0.0213
FSX,RedShift,1,0.0294
DMS,VPN,1,0.0667
DynamoDB,VPN,1,0.0084
CodePipeline,StepFunctions,1,0.02
DMS,OpenSearch,1,0.0238
Connect,EventBridge,1,0.0435
Connect,Pinpoint,1,0.0909
DynamoDB,Pinpoint,1,0.0085
EventBridge,Firehose,1,0.0217
EventBridge,Lex,1,0.0455
Firehose,Lex,1,0.0286
Firehose,Pinpoint,1,0.0294
Lex,Pinpoint,1,0.1
Amplify,DynamoDB,1,0.0085
Amplify,Rekognition,1,0.0714
Amplify,Textract,1,0.1429
Cognito,Rekognition,1,0.0357
Cognito,Textract,1,0.0476
Rekognition,Textract,1,0.0714
AmazonMQ,ApiGateway,1,0.0108
AmazonMQ,Fargate,1,0.04
AmazonMQ,Lambda,1,0.0048
AmazonMQ,S3,1,0.0043
FSX,IAM,1,0.0625
FSX,SageMaker,1,0.0227
ApiGateway,WorkSpaces,1,0.0109
Cognito,StepFunctions,1,0.0164
Cognito,WorkSpaces,1,0.0526
RDS,WorkSpaces,1,0.0143
SQS,WorkSpaces,1,0.0147
ApiGateway,Lex,1,0.0104
Comprehend,QuickSight,1,0.037
Lex,QuickSight,1,0.05
Lex,RDS,1,0.0135
Lex,SageMaker,1,0.0227
QuickSight,SNS,1,0.0167
Aurora,RDS,1,0.0095
DMS,KMS,1,0.05
Glue,KMS,1,0.0227
EBS,EventBridge,1,0.0435
EBS,SQS,1,0.0137
IAM,KMS,1,0.0476
AppStream,CloudFormation,1,0.0556
AppStream,EC2,1,0.0076
AppStream,FSX,1,0.1667
AppStream,Lambda,1,0.0049
AppStream,RDS,1,0.0145
AppStream,SystemsManager,1,0.2
FSX,SystemsManager,1,0.1
RDS,SystemsManager,1,0.0137
ALB,Cognito,1,0.0204
ALB,ControlTower,1,0.0278
ALB,EFS,1,0.027
ALB,Organizations,1,0.0303
ALB,S2SVPN,1,0.0312
ApiGateway,EFS,1,0.0104
ApiGateway,S2SVPN,1,0.011
Cognito,ControlTower,1,0.0455
Cognito,EFS,1,0.0435
Cognito,Organizations,1,0.0526
Cognito,S2SVPN,1,0.0556
ControlTower,EC2,1,0.0074
ControlTower,EFS,1,0.1
ControlTower,Organizations,1,0.1667
ControlTower,S2SVPN,1,0.2
EC2,Organizations,1,0.0076
EC2,S2SVPN,1,0.0076
EFS,Organizations,1,0.1429
EFS,S2SVPN,1,0.1667
Lambda,S2SVPN,1,0.0049
Organizations,S2SVPN,1,0.5
Organizations,S3,1,0.0043
S2SVPN,S3,1,0.0043
DataPipeline,QuickSight,1,0.0625
DataPipeline,RedShift,1,0.0333
DataPipeline,S3,1,0.0043
DataPipeline,SQS,1,0.0147
QuickSight,SQS,1,0.0123
ApiGateway,PrivateLink,1,0.0104
SNS,TransitGateway,1,0.02
ALB,MemoryDB,1,0.0312
ALB,VPN,1,0.027
CloudWatch,MemoryDB,1,0.0263
CloudWatch,VPN,1,0.0233
Fargate,Firehose,1,0.0192
Fargate,MemoryDB,1,0.0435
Fargate,VPN,1,0.0357
Firehose,MemoryDB,1,0.0333
Firehose,VPN,1,0.0286
MemoryDB,S3,1,0.0043
MemoryDB,VPN,1,0.1667
MemoryDB,WAF,1,0.0667
CloudFormation,DirectConnect,1,0.0385
Connect,ECS,1,0.0192
Connect,RDS,1,0.0133
ECS,Glue,1,0.0127
ALB,Outpost,1,0.0312
ApiGateway,Outpost,1,0.011
DynamoDB,Outpost,1,0.0088
ECS,Outpost,1,0.0217
EKS,Outpost,1,0.0179
ElastiCache,Outpost,1,0.0323
Connect,IoTCore,1,0.0526
Connect,Rekognition,1,0.0588
Connect,StepFunctions,1,0.02
IoTCore,Lex,1,0.0556
IoTCore,Rekognition,1,0.0435
IoTCore,StepFunctions,1,0.0179
Lex,Rekognition,1,0.0625
Lex,StepFunctions,1,0.0204
ApiGateway,ElementalLive,1,0.011
ApiGateway,MAM,1,0.011
ApiGateway,MediaConvert,1,0.0105
ApiGateway,MediaPackage,1,0.0108
DynamoDB,ElementalLive,1,0.0088
DynamoDB,MAM,1,0.0088
ElementalLive,MAM,1,1.0
ElementalLive,MediaConvert,1,0.2
ElementalLive,MediaPackage,1,0.3333
ElementalLive,S3,1,0.0043
ElementalLive,StepFunctions,1,0.0227
MAM,MediaConvert,1,0.2
MAM,MediaPackage,1,0.3333
MAM,S3,1,0.0043
MAM,StepFunctions,1,0.0227
MediaPackage,StepFunctions,1,0.0217
CloudFormation,Organizations,1,0.0526
Organizations,SQS,1,0.0147
MSK,VPC,1,0.0476
RedShift,VPC,1,0.0263
EKS,Kinesis,1,0.0109
Fargate,MSK,1,0.0294
EBS,StepFunctions,1,0.02
KMS,StepFunctions,1,0.0185
Athena,ServiceCatalog,1,0.0213
CloudFormation,LakeFormation,1,0.05
EKS,LakeFormation,1,0.0172
EKS,ServiceCatalog,1,0.0164
LakeFormation,RedShift,1,0.0323
LakeFormation,ServiceCatalog,1,0.125
RedShift,ServiceCatalog,1,0.0294
CloudFormation,Kinesis,1,0.0185
ECS,SystemsManager,1,0.02
Kinesis,SystemsManager,1,0.0244
S3,SystemsManager,1,0.0043
DirectConnect,NLB,1,0.0667
DirectConnect,TransitGateway,1,0.0769
EC2,TransitGateway,1,0.0074
NLB,PrivateLink,1,0.0833
NLB,TransitGateway,1,0.0909
NLB,VPC,1,0.0625
PrivateLink,RDS,1,0.0135
PrivateLink,VPC,1,0.0667
TransitGateway,VPC,1,0.0714
ECR,ELB,1,0.0204
ECR,RedShift,1,0.0217
ELB,SageMaker,1,0.0143
LambdaAtEdge,ShieldAdvanced,1,0.0833
ApiGateway,AppSync,1,0.0101
AppSync,SQS,1,0.0133
Athena,ELB,1,0.0137
ApiGateway,SecretsManager,1,0.0109
DynamoDB,SecretsManager,1,0.0087
ECR,FSX,1,0.0435
ApiGateway,DynamoDBStream,1,0.011
Athena,DynamoDBStream,1,0.0238
DynamoDB,DynamoDBStream,1,0.0088
DynamoDB,MSK,1,0.008
DynamoDBStream,ECS,1,0.0217
DynamoDBStream,Firehose,1,0.0333
DynamoDBStream,Lambda,1,0.0049
DynamoDBStream,MSK,1,0.0833
DynamoDBStream,S3,1,0.0043
Firehose,MSK,1,0.0244
Batch,EventBridge,1,0.05
Batch,FSX,1,0.1111
Batch,OpenSearch,1,0.0278
EventBridge,FSX,1,0.0455
EventBridge,OpenSearch,1,0.0204
FSX,OpenSearch,1,0.0263
ApiGateway,ServerlessApplicationRepository,1,0.011
CloudFormation,Cognito,1,0.0286
CloudFormation,DynamoDB,1,0.0076
CloudFormation,Greengrass,1,0.0526
CloudFormation,IoTCore,1,0.0333
CloudFormation,ServerlessApplicationRepository,1,0.0556
Cognito,ServerlessApplicationRepository,1,0.0556
DynamoDB,Greengrass,1,0.0087
DynamoDB,ServerlessApplicationRepository,1,0.0088
Greengrass,ServerlessApplicationRepository,1,0.5
IoTCore,ServerlessApplicationRepository,1,0.0769
Lambda,ServerlessApplicationRepository,1,0.0049
BeanStalk,EMR,1,0.0345
BeanStalk,Neptune,1,0.1
EMR,Neptune,1,0.0312
Neptune,RDS,1,0.0133
CloudWatch,Kinesis,1,0.0135
CloudWatch,RoboMaker,1,0.0263
Kinesis,RoboMaker,1,0.027
RoboMaker,S3,1,0.0043
RoboMaker,SageMaker,1,0.0256
Athena,Connect,1,0.0208
Athena,Transcribe,1,0.02
Comprehend,Firehose,1,0.0238
Kinesis,KinesisAnalytics,1,0.0244
EC2,GlobalAccelerator,1,0.0076
ECS,GlobalAccelerator,1,0.0217
GlobalAccelerator,SQS,1,0.0149
ApiGateway,LookoutForVision,1,0.011
Athena,LookoutForVision,1,0.0238
Athena,Rekognition,1,0.0192
Aurora,LookoutForVision,1,0.027
Aurora,Rekognition,1,0.0213
Lambda,LookoutForVision,1,0.0049
LookoutForVision,Rekognition,1,0.0909
LookoutForVision,S3,1,0.0043
LookoutForVision,StepFunctions,1,0.0227
Aurora,Chime,1,0.0263
Chime,Cognito,1,0.0526
Chime,Kinesis,1,0.0263
Cognito,Kinesis,1,0.0185
Comprehend,ECS,1,0.0172
ECS,Textract,1,0.0204
Athena,DirectConnect,1,0.02
DMS,DirectConnect,1,0.0556
AutoScaling,EKS,1,0.0169
AutoScaling,ELB,1,0.0286
AutoScaling,ShieldAdvanced,1,0.1667
AutoScaling,WAF,1,0.0556
EKS,ShieldAdvanced,1,0.0172
ApiGateway,ServiceCatalog,1,0.0104
ApiGateway,Translate,1,0.0108
CloudFront,ServiceCatalog,1,0.0217
CloudFront,Translate,1,0.0233
Cognito,SageMaker,1,0.0179
Cognito,ServiceCatalog,1,0.0435
Cognito,Translate,1,0.05
Comprehend,ServiceCatalog,1,0.0556
DynamoDB,ServiceCatalog,1,0.0084
EC2,Translate,1,0.0075
SageMaker,Translate,1,0.0244
ServiceCatalog,Translate,1,0.125
Athena,CodeBuild,1,0.0222
Athena,CodeCommit,1,0.0222
Athena,CodePipeline,1,0.0208
CloudFormation,DMS,1,0.037
CodeBuild,DMS,1,0.0769
CodeBuild,EC2,1,0.0075
CodeBuild,Glue,1,0.027
CodeBuild,RDS,1,0.0139
CodeBuild,RedShift,1,0.0312
CodeCommit,DMS,1,0.0769
CodeCommit,EC2,1,0.0075
CodeCommit,Glue,1,0.027
CodeCommit,RDS,1,0.0139
CodeCommit,RedShift,1,0.0312
CodePipeline,DMS,1,0.0625
CodePipeline,EC2,1,0.0073
CodePipeline,Glue,1,0.025
CodePipeline,RDS,1,0.0133
CodePipeline,RedShift,1,0.0286
Aurora,ECR,1,0.0185
CloudFront,ECR,1,0.0172
ApiGateway,CloudHSM,1,0.0109
ApiGateway,EBS,1,0.0103
CloudHSM,EBS,1,0.125
CloudHSM,EC2,1,0.0076
Kinesis,Neptune,1,0.0233
CloudFront,PrivateLink,1,0.0217
ELB,PrivateLink,1,0.027
Kinesis,PrivateLink,1,0.0238
Glue,MSK,1,0.0222
CloudFormation,CloudWatch,1,0.0182
CloudFormation,CloudFront,1,0.0172
CloudFormation,LambdaAtEdge,1,0.037
CloudFormation,Route53,1,0.0278
EKS,LambdaAtEdge,1,0.0154
LambdaAtEdge,Route53,1,0.0357
Route53,TransitGateway,1,0.0435
ApiGateway,KinesisDataStream,1,0.0104
Firehose,GuardDuty,1,0.027
Firehose,SecurityHub,1,0.0303
S3,SecurityHub,1,0.0043
ALB,EMR,1,0.0175
ECS,OpenSearch,1,0.0128
CloudFront,MediaStore,1,0.0244
CloudFront,Rekognition,1,0.0196
CloudFront,Transcribe,1,0.0204
MediaLive,MediaStore,1,0.5
MediaLive,Rekognition,1,0.0833
MediaLive,Transcribe,1,0.1
MediaPackage,MediaStore,1,0.3333
MediaPackage,Rekognition,1,0.0769
MediaPackage,Transcribe,1,0.0909
MediaStore,Rekognition,1,0.0909
MediaStore,S3,1,0.0043
MediaStore,Transcribe,1,0.1111
AmazonMQ,EC2,1,0.0075
AmazonMQ,ELB,1,0.0294
AmazonMQ,ElastiCache,1,0.0303
AmazonMQ,VPCPeering,1,0.2
ElastiCache,VPCPeering,1,0.0303
EBS,ECR,1,0.0417
EBS,NLB,1,0.0769
ECR,NLB,1,0.0417
Amplify,Aurora,1,0.025
Amplify,StepFunctions,1,0.0213
Aurora,ControlTower,1,0.0244
Aurora,TransitGateway,1,0.0244
ControlTower,QuickSight,1,0.0526
ControlTower,VPN,1,0.1
EKS,QuickSight,1,0.0143
QuickSight,TransitGateway,1,0.0526
QuickSight,VPN,1,0.05
TransitGateway,VPN,1,0.1
MediaConvert,OpenSearch,1,0.027
OpenSearch,Rekognition,1,0.0233
ApiGateway,NLB,1,0.0103
ApiGateway,XRay,1,0.0109
CloudWatch,NLB,1,0.0227
CloudWatch,XRay,1,0.0256
EKS,XRay,1,0.0175
NLB,XRay,1,0.125
Athena,BeanStalk,1,0.0222
Aurora,BeanStalk,1,0.025
BeanStalk,CloudFront,1,0.0227
BeanStalk,Firehose,1,0.0303
BeanStalk,Glue,1,0.027
BeanStalk,QuickSight,1,0.0556
CloudFront,DirectConnect,1,0.0204
CloudFront,VPC,1,0.02
CloudFront,VPCPeering,1,0.0233
DirectConnect,ELB,1,0.025
DirectConnect,Route53,1,0.037
DirectConnect,ShieldAdvanced,1,0.0909
DirectConnect,VPCPeering,1,0.0909
DirectConnect,WAF,1,0.0435
DynamoDB,ShieldAdvanced,1,0.0086
DynamoDB,VPC,1,0.0081
DynamoDB,VPCPeering,1,0.0086
EC2,ShieldAdvanced,1,0.0075
ELB,VPC,1,0.0244
Lambda,ShieldAdvanced,1,0.0048
Lambda,VPC,1,0.0047
Lambda,VPCPeering,1,0.0048
Route53,ShieldAdvanced,1,0.0476
Route53,VPCPeering,1,0.0476
ShieldAdvanced,VPC,1,0.0833
ShieldAdvanced,VPCPeering,1,0.2
VPC,VPCPeering,1,0.0833
VPC,WAF,1,0.0417
VPCPeering,WAF,1,0.0588
CloudFront,GuardDuty,1,0.0208
CloudFront,Inspector,1,0.0233
CloudFront,KMS,1,0.0196
CloudFront,Macie,1,0.0238
EC2,Inspector,1,0.0075
EC2,Macie,1,0.0076
GuardDuty,KMS,1,0.0556
GuardDuty,Macie,1,0.1111
GuardDuty,RDS,1,0.0132
GuardDuty,VPN,1,0.0769
Inspector,KMS,1,0.0769
Inspector,Macie,1,0.25
Inspector,RDS,1,0.0141
Inspector,S3,1,0.0043
Inspector,SQS,1,0.0145
Inspector,VPN,1,0.125
KMS,Macie,1,0.0833
KMS,VPN,1,0.0625
Lambda,Macie,1,0.0049
Macie,RDS,1,0.0143
Macie,SQS,1,0.0147
Macie,VPN,1,0.1429
RDS,VPN,1,0.0135
ApiGateway,Kendra,1,0.011
DynamoDB,Kendra,1,0.0088
Kendra,Lambda,1,0.0049
Kendra,S3,1,0.0043
Glue,IoTCore,1,0.0217
Lambda,TransferFamily,1,0.0049
Rekognition,TransferFamily,1,0.0833
ELB,NLB,1,0.0263
ApiGateway,DocumentDB,1,0.0109
CloudFront,DocumentDB,1,0.0238
CloudWatch,DocumentDB,1,0.0256
CloudWatch,Route53,1,0.0179
DocumentDB,Fargate,1,0.0417
DocumentDB,OpenSearch,1,0.0294
DocumentDB,RDS,1,0.0143
DocumentDB,Route53,1,0.05
CloudWatch,KMS,1,0.0208
CloudWatch,PrivateLink,1,0.0233
KMS,PrivateLink,1,0.0625
PrivateLink,SQS,1,0.0139
EC2,SES,1,0.0075
EKS,SES,1,0.0172
EMR,IAM,1,0.0278
EMR,SES,1,0.0357
Glue,SES,1,0.0278
IAM,SES,1,0.0769
SES,SQS,1,0.0145
EMR,EventBridge,1,0.0238
EMR,Fargate,1,0.0208
EventBridge,Kinesis,1,0.0189
Batch,ECR,1,0.0476
Batch,ECS,1,0.0204
Batch,Firehose,1,0.0303
Batch,SNS,1,0.0204
Batch,Transcribe,1,0.0833
ECR,Firehose,1,0.0213
ECR,Transcribe,1,0.0385
ECS,Transcribe,1,0.0185
SNS,Transcribe,1,0.0185
ELB,Fargate,1,0.0185
ControlTower,ECR,1,0.0455
ControlTower,RDS,1,0.0137
ECR,TransitGateway,1,0.0455
CloudFormation,SNS,1,0.0159
AutoScaling,Cognito,1,0.0476
AutoScaling,DynamoDB,1,0.0085
AutoScaling,IoTCore,1,0.0625
AutoScaling,RDS,1,0.0139
AutoScaling,S3,1,0.0043
AutoScaling,SNS,1,0.0204
Cognito,IAM,1,0.0357
IAM,IoTCore,1,0.0435
IAM,SNS,1,0.0179
ApiGateway,DirectConnect,1,0.0101
DirectConnect,ECS,1,0.0185
Aurora,EBS,1,0.0233
EBS,EFS,1,0.0833
ApiGateway,Timestream,1,0.0109
Cognito,Timestream,1,0.0526
Greengrass,SQS,1,0.0147
Greengrass,Timestream,1,0.3333
IoTCore,SQS,1,0.0127
IoTCore,Timestream,1,0.0714
SQS,Timestream,1,0.0147
ECS,KMS,1,0.0179
EKS,Fargate,1,0.0128
EKS,KMS,1,0.0152
Fargate,KMS,1,0.0303
ApiGateway,NAT,1,0.011
EC2,NAT,1,0.0076
ELB,KMS,1,0.0238
ELB,NAT,1,0.0312
ELB,SystemsManager,1,0.0278
KMS,NAT,1,0.0909
KMS,SystemsManager,1,0.0667
Lambda,NAT,1,0.0049
NAT,SystemsManager,1,0.2
ECS,RedShift,1,0.0135
AppSync,EC2,1,0.0072
AppSync,ELB,1,0.025
AppSync,OpenSearch,1,0.0244
AppSync,Route53,1,0.037
Cognito,ELB,1,0.0204
Cognito,OpenSearch,1,0.02
Cognito,Route53,1,0.0278
LakeFormation,QuickSight,1,0.0588
CloudWatch,EBS,1,0.0227
CloudWatch,IAM,1,0.0208
EBS,RDS,1,0.0133
ELB,IAM,1,0.0238
Comprehend,Kinesis,1,0.0204
Connect,Kinesis,1,0.0233
Connect,Translate,1,0.1111
Kinesis,Transcribe,1,0.0222
Kinesis,Translate,1,0.0256
AppSync,Firehose,1,0.0263
AppSync,KinesisDataStream,1,0.0714
Cognito,KinesisDataStream,1,0.0435
Firehose,KinesisDataStream,1,0.0286
Athena,GuardDuty,1,0.0204
CloudTrail,WAF,1,0.0455
EMR,GuardDuty,1,0.0303
EMR,SNS,1,0.0141
EMR,WAF,1,0.025
GuardDuty,WAF,1,0.0455
NLB,Route53,1,0.04
MediaConvert,SageMaker,1,0.0233
